"","firstTimeStamp","timeStamp","hits","bundleID","domain","domainOwner","domainType","domainClassification","initiatedType"
"1","2025-01-28T10:32:05.080+01:00","2025-01-28T10:32:05.080+01:00",1,"swiss.ricardo.iphone","sync.outbrain.com","",2,1,"AppInitiated"
"2","2025-01-28T17:18:30.955+01:00","2025-02-01T17:21:41.287+01:00",7,"swiss.ricardo.iphone","acdn.adnxs.com","",2,1,"AppInitiated"
"3","2025-01-28T17:17:58.089+01:00","2025-02-03T10:53:44.833+01:00",21,"swiss.ricardo.iphone","app-analytics-services.com","",2,1,"AppInitiated"
"4","2025-01-28T17:19:23.303+01:00","2025-02-01T17:23:48.221+01:00",4,"swiss.ricardo.iphone","reporting.aatkit.com","",2,1,"AppInitiated"
"5","2025-01-28T17:18:00.173+01:00","2025-02-03T10:53:35.911+01:00",34,"swiss.ricardo.iphone","img.ricardostatic.ch","",2,1,"AppInitiated"
"6","2025-01-28T17:17:58.150+01:00","2025-02-03T01:07:01.101+01:00",21,"swiss.ricardo.iphone","eservice.emarsys.net","SAP SE",1,1,"AppInitiated"
"7","2025-01-28T17:17:58.145+01:00","2025-02-03T01:07:01.127+01:00",11,"swiss.ricardo.iphone","g.doubleclick.net","Google LLC",1,1,"AppInitiated"
"8","2025-01-28T17:17:58.132+01:00","2025-02-03T10:53:35.883+01:00",59,"swiss.ricardo.iphone","api.ricardo.ch","",2,1,"AppInitiated"
"9","2025-01-28T17:17:58.148+01:00","2025-02-03T10:53:35.857+01:00",55,"swiss.ricardo.iphone","firebaselogging-pa.googleapis.com","Google LLC",1,1,"AppInitiated"
"10","2025-01-28T17:17:58.081+01:00","2025-02-03T10:53:35.897+01:00",15,"swiss.ricardo.iphone","login.ricardo.ch","",2,1,"AppInitiated"
"11","2025-01-28T17:19:23.301+01:00","2025-02-03T10:53:52.493+01:00",43,"swiss.ricardo.iphone","tracking.aatkit.com","AddApptr GmbH",1,1,"AppInitiated"
"12","2025-01-28T17:17:58.134+01:00","2025-02-02T20:00:12.354+01:00",18,"swiss.ricardo.iphone","rules.aatkit.com","AddApptr GmbH",1,1,"AppInitiated"
"13","2025-01-28T17:18:12.654+01:00","2025-02-03T10:53:49.405+01:00",48,"swiss.ricardo.iphone","region1.app-analytics-services.com","",2,1,"AppInitiated"
"14","2025-01-28T17:17:58.095+01:00","2025-02-03T10:53:35.841+01:00",39,"swiss.ricardo.iphone","firebaseremoteconfigrealtime.googleapis.com","",2,1,"AppInitiated"
"15","2025-01-28T17:18:30.983+01:00","2025-02-01T17:21:41.227+01:00",4,"swiss.ricardo.iphone","ib.adnxs-simple.com","",2,1,"AppInitiated"
"16","2025-01-28T17:27:57.014+01:00","2025-01-31T09:37:30.640+01:00",11,"swiss.ricardo.iphone","ekr.zdassets.com","",2,1,"AppInitiated"
"17","2025-01-28T17:27:57.401+01:00","2025-01-31T09:37:31.066+01:00",12,"swiss.ricardo.iphone","tr.snapchat.com","Snap Inc.",1,1,"AppInitiated"
"18","2025-01-28T17:27:56.877+01:00","2025-01-31T09:37:30.766+01:00",13,"swiss.ricardo.iphone","bat.bing.com","Microsoft Corporation",1,1,"AppInitiated"
"19","2025-01-28T17:27:56.690+01:00","2025-01-31T09:37:30.660+01:00",11,"swiss.ricardo.iphone","fast.appcues.com","",2,1,"AppInitiated"
"20","2025-01-28T17:27:56.800+01:00","2025-01-31T09:13:19.662+01:00",8,"swiss.ricardo.iphone","tags.creativecdn.com","",2,1,"AppInitiated"
"21","2025-01-28T17:27:57.721+01:00","2025-01-31T09:37:31.218+01:00",13,"swiss.ricardo.iphone","t.teads.tv","",2,1,"AppInitiated"
"22","2025-01-28T17:27:57.255+01:00","2025-01-31T09:37:30.855+01:00",13,"swiss.ricardo.iphone","ade.googlesyndication.com","",2,1,"AppInitiated"
"23","2025-01-28T17:27:56.903+01:00","2025-01-31T09:37:30.757+01:00",15,"swiss.ricardo.iphone","api.marketing.swissmarketplace.group","",2,1,"AppInitiated"
"24","2025-01-28T17:27:56.817+01:00","2025-01-31T09:13:19.665+01:00",7,"swiss.ricardo.iphone","s.pinimg.com","",2,1,"AppInitiated"
"25","2025-01-28T17:27:57.323+01:00","2025-01-31T09:37:30.748+01:00",13,"swiss.ricardo.iphone","recommender.scarabresearch.com","",2,1,"AppInitiated"
"26","2025-01-28T17:27:57.236+01:00","2025-01-31T09:37:30.742+01:00",14,"swiss.ricardo.iphone","ib.adnxs.com","Microsoft Corporation",1,1,"AppInitiated"
"27","2025-01-28T17:27:56.856+01:00","2025-01-31T09:37:30.713+01:00",11,"swiss.ricardo.iphone","sc-static.net","",2,1,"AppInitiated"
"28","2025-01-28T17:28:05.858+01:00","2025-02-02T20:00:21.919+01:00",18,"swiss.ricardo.iphone","gspe19-2-ssl.ls.apple.com","",2,1,"AppInitiated"
"29","2025-01-28T17:27:57.258+01:00","2025-01-31T09:37:30.730+01:00",13,"swiss.ricardo.iphone","ams.creativecdn.com","",2,1,"AppInitiated"
"30","2025-01-28T17:27:55.828+01:00","2025-01-31T09:37:29.912+01:00",12,"swiss.ricardo.iphone","static.ricardo.ch","",2,1,"AppInitiated"
"31","2025-01-28T17:27:50.112+01:00","2025-02-03T01:07:01.099+01:00",19,"swiss.ricardo.iphone","rules3.aatkit.com","AddApptr GmbH",1,1,"AppInitiated"
"32","2025-01-28T17:27:56.584+01:00","2025-01-31T09:13:18.610+01:00",8,"swiss.ricardo.iphone","static.zdassets.com","",2,1,"AppInitiated"
"33","2025-01-28T17:27:56.548+01:00","2025-01-31T09:37:30.381+01:00",11,"swiss.ricardo.iphone","www.googletagmanager.com","Google LLC",1,1,"AppInitiated"
"34","2025-01-28T17:27:56.804+01:00","2025-01-31T09:37:30.652+01:00",13,"swiss.ricardo.iphone","pagead2.googlesyndication.com","Google LLC",1,1,"AppInitiated"
"35","2025-01-28T17:27:57.288+01:00","2025-01-31T09:37:31.010+01:00",17,"swiss.ricardo.iphone","api.appcues.net","",2,1,"AppInitiated"
"36","2025-01-28T17:27:57.252+01:00","2025-01-31T09:37:30.869+01:00",13,"swiss.ricardo.iphone","region1.google-analytics.com","Google LLC",1,1,"AppInitiated"
"37","2025-01-28T17:27:57.540+01:00","2025-01-31T09:37:30.975+01:00",12,"swiss.ricardo.iphone","ricardo20.zendesk.com","",2,1,"AppInitiated"
"38","2025-01-28T17:27:57.319+01:00","2025-01-31T09:13:20.912+01:00",4,"swiss.ricardo.iphone","static.scarabresearch.com","",2,1,"AppInitiated"
"39","2025-01-28T17:27:56.828+01:00","2025-01-31T09:37:30.736+01:00",13,"swiss.ricardo.iphone","www.google-analytics.com","Google LLC",1,1,"AppInitiated"
"40","2025-01-28T17:27:56.897+01:00","2025-01-31T09:37:30.717+01:00",11,"swiss.ricardo.iphone","amplify.outbrain.com","",2,1,"AppInitiated"
"41","2025-01-28T17:27:57.798+01:00","2025-01-28T17:27:57.798+01:00",1,"swiss.ricardo.iphone","ssp-csync.smartadserver.com","",2,1,"AppInitiated"
"42","2025-01-28T17:27:56.850+01:00","2025-01-31T09:13:19.830+01:00",9,"swiss.ricardo.iphone","cdn.scarabresearch.com","",2,1,"AppInitiated"
"43","2025-01-28T17:27:57.367+01:00","2025-01-31T09:37:30.991+01:00",14,"swiss.ricardo.iphone","cm.teads.tv","",2,1,"AppInitiated"
"44","2025-01-28T17:27:55.834+01:00","2025-01-31T09:37:29.867+01:00",12,"swiss.ricardo.iphone","fonts.gstatic.com","",2,1,"AppInitiated"
"45","2025-01-28T17:27:56.888+01:00","2025-01-31T09:37:30.720+01:00",11,"swiss.ricardo.iphone","p.teads.tv","",2,1,"AppInitiated"
"46","2025-01-28T17:27:57.772+01:00","2025-01-31T09:37:31.425+01:00",13,"swiss.ricardo.iphone","tr6.snapchat.com","Snap Inc.",1,1,"AppInitiated"
"47","2025-01-28T17:27:55.840+01:00","2025-01-31T09:37:29.922+01:00",3,"swiss.ricardo.iphone","static.cloudflareinsights.com","",2,1,"AppInitiated"
"48","2025-01-28T17:27:54.521+01:00","2025-01-31T09:37:28.712+01:00",13,"swiss.ricardo.iphone","www.ricardo.ch","",2,1,"AppInitiated"
"49","2025-01-28T17:27:57.442+01:00","2025-01-31T09:37:30.764+01:00",13,"swiss.ricardo.iphone","ct.pinterest.com","",2,1,"AppInitiated"
"50","2025-01-29T08:41:54.811+01:00","2025-02-03T10:53:35.895+01:00",13,"swiss.ricardo.iphone","launches.appsflyer.com","AppsFlyer",1,1,"AppInitiated"
"51","2025-01-29T08:41:54.840+01:00","2025-02-03T10:53:35.889+01:00",13,"swiss.ricardo.iphone","cdn.cookielaw.org","",2,1,"AppInitiated"
"52","2025-01-29T08:41:54.793+01:00","2025-02-03T10:53:35.899+01:00",13,"swiss.ricardo.iphone","mobile-sdk-config.gservice.emarsys.net","",2,1,"AppInitiated"
"53","2025-01-29T08:41:54.781+01:00","2025-02-03T01:07:00.966+01:00",5,"swiss.ricardo.iphone","cdn-settings.appsflyersdk.com","",2,1,"AppInitiated"
"54","2025-01-29T08:42:01.959+01:00","2025-01-29T08:42:01.959+01:00",1,"swiss.ricardo.iphone","ads.stickyadstv.com","",2,1,"AppInitiated"
"55","2025-01-29T08:41:54.834+01:00","2025-02-03T01:07:01.132+01:00",11,"swiss.ricardo.iphone","firebaseremoteconfig.googleapis.com","Google LLC",1,1,"AppInitiated"
"56","2025-01-29T08:41:54.816+01:00","2025-02-03T10:53:35.893+01:00",13,"swiss.ricardo.iphone","mobile-data.onetrust.io","",2,1,"AppInitiated"
"57","2025-01-29T11:06:44.781+01:00","2025-02-02T11:17:20.186+01:00",5,"swiss.ricardo.iphone","firebase-settings.crashlytics.com","Google LLC",1,1,"AppInitiated"
"58","2025-01-29T11:07:14.707+01:00","2025-02-01T17:21:56.092+01:00",6,"swiss.ricardo.iphone","crashlyticsreports-pa.googleapis.com","Google LLC",1,1,"AppInitiated"
"59","2025-01-29T11:06:54.219+01:00","2025-01-29T11:06:54.219+01:00",1,"swiss.ricardo.iphone","ads.yieldmo.com","YieldMo, Inc.",1,1,"AppInitiated"
"60","2025-01-29T11:42:35.491+01:00","2025-02-03T10:53:35.901+01:00",12,"swiss.ricardo.iphone","rules2.aatkit.com","",2,1,"AppInitiated"
"61","2025-01-29T11:43:20.818+01:00","2025-01-29T11:43:20.818+01:00",1,"swiss.ricardo.iphone","cdn.auth0.com","",2,1,"AppInitiated"
"62","2025-01-29T11:43:20.121+01:00","2025-01-29T11:43:20.121+01:00",1,"swiss.ricardo.iphone","auth.tutti.ch","",2,1,"AppInitiated"
"63","2025-01-29T11:43:19.846+01:00","2025-01-29T11:43:19.846+01:00",1,"swiss.ricardo.iphone","www.tutti.ch","",2,1,"AppInitiated"
"64","2025-01-29T11:43:53.385+01:00","2025-02-02T18:20:55.385+01:00",11,"swiss.ricardo.iphone","gspe19-ssl.ls.apple.com","",2,1,"AppInitiated"
"65","2025-01-29T11:43:14.689+01:00","2025-01-29T11:43:14.689+01:00",1,"swiss.ricardo.iphone","ice.360yield.com","",2,1,"AppInitiated"
"66","2025-01-29T11:43:22.196+01:00","2025-01-30T11:09:33.687+01:00",2,"swiss.ricardo.iphone","attester.gateway.icloud.com","",2,1,"AppInitiated"
"67","2025-01-29T11:42:38.193+01:00","2025-01-31T09:37:28.885+01:00",5,"swiss.ricardo.iphone","proxy.safebrowsing.apple","",2,1,"NonAppInitiated"
"68","2025-01-29T11:43:28.239+01:00","2025-01-29T11:43:28.239+01:00",1,"swiss.ricardo.iphone","ssc-cms.33across.com","",2,1,"AppInitiated"
"69","2025-01-29T11:43:21.062+01:00","2025-01-29T11:43:21.062+01:00",1,"swiss.ricardo.iphone","challenges.cloudflare.com","",2,1,"AppInitiated"
"70","2025-01-29T11:43:52.784+01:00","2025-02-02T18:20:54.722+01:00",11,"swiss.ricardo.iphone","gsp-ssl.ls.apple.com","",2,1,"AppInitiated"
"71","2025-01-29T11:43:21.074+01:00","2025-01-29T11:43:21.074+01:00",1,"swiss.ricardo.iphone","cdn.tutti.ch","",2,1,"AppInitiated"
"72","2025-01-29T11:42:44.430+01:00","2025-01-29T11:42:44.430+01:00",1,"swiss.ricardo.iphone","us-u.openx.net","OpenX Technologies Inc",1,1,"AppInitiated"
"73","2025-01-29T14:01:02.238+01:00","2025-02-03T10:53:35.853+01:00",18,"swiss.ricardo.iphone","me-client.eservice.emarsys.net","SAP SE",1,1,"AppInitiated"
"74","2025-01-29T14:01:02.046+01:00","2025-02-03T10:53:35.862+01:00",10,"swiss.ricardo.iphone","googleads.g.doubleclick.net","Google LLC",1,1,"AppInitiated"
"75","2025-01-29T14:01:02.038+01:00","2025-02-03T10:53:35.837+01:00",26,"swiss.ricardo.iphone","mobile-events.eservice.emarsys.net","SAP SE",1,1,"AppInitiated"
"76","2025-01-29T15:16:43.512+01:00","2025-01-29T15:16:43.512+01:00",1,"swiss.ricardo.iphone","s.seedtag.com","",2,1,"AppInitiated"
"77","2025-01-29T15:16:43.232+01:00","2025-01-30T11:09:23.819+01:00",7,"swiss.ricardo.iphone","webchannel-content.eservice.emarsys.net","SAP SE",1,1,"AppInitiated"
"78","2025-01-29T16:58:06.712+01:00","2025-01-29T16:58:06.712+01:00",1,"swiss.ricardo.iphone","sync.go.sonobi.com","",2,1,"AppInitiated"
"79","2025-01-29T16:58:35.442+01:00","2025-01-29T16:58:35.442+01:00",1,"swiss.ricardo.iphone","csi.gstatic.com","",2,1,"AppInitiated"
"80","2025-01-29T17:20:18.056+01:00","2025-01-29T17:20:18.056+01:00",1,"swiss.ricardo.iphone","fast.nexx360.io","",2,1,"AppInitiated"
"81","2025-01-29T23:48:40.705+01:00","2025-02-01T17:21:41.895+01:00",3,"swiss.ricardo.iphone","pubads.g.doubleclick.net","Google LLC",1,1,"AppInitiated"
"82","2025-01-30T09:33:38.723+01:00","2025-01-30T09:33:38.723+01:00",1,"swiss.ricardo.iphone","c1.adform.net","",2,1,"AppInitiated"
"83","2025-01-30T09:32:22.964+01:00","2025-01-30T09:32:22.964+01:00",1,"swiss.ricardo.iphone","simage2.pubmatic.com","",2,1,"AppInitiated"
"84","2025-01-30T09:33:42.124+01:00","2025-01-30T09:33:42.124+01:00",1,"swiss.ricardo.iphone","gspe21-ssl.ls.apple.com","",2,1,"AppInitiated"
"85","2025-01-30T11:05:31.746+01:00","2025-01-30T11:05:31.746+01:00",1,"swiss.ricardo.iphone","sync.inmobi.com","",2,1,"AppInitiated"
"86","2025-01-30T11:05:30.752+01:00","2025-01-31T09:37:32.700+01:00",3,"swiss.ricardo.iphone","fonts.googleapis.com","",2,1,"AppInitiated"
"87","2025-01-30T11:05:11.411+01:00","2025-01-30T11:05:11.411+01:00",1,"swiss.ricardo.iphone","sync-service.net","",2,1,"AppInitiated"
"88","2025-01-30T11:05:56.635+01:00","2025-01-30T11:05:56.635+01:00",1,"swiss.ricardo.iphone","public-prod-dspcookiematching.dmxleo.com","",2,1,"AppInitiated"
"89","2025-01-30T11:05:44.110+01:00","2025-01-30T11:05:44.110+01:00",1,"swiss.ricardo.iphone","usersync-america.rtblab.net","",2,1,"AppInitiated"
"90","2025-01-30T11:05:31.158+01:00","2025-01-30T11:05:31.158+01:00",1,"swiss.ricardo.iphone","sentry.io","",2,1,"AppInitiated"
"91","2025-01-30T11:06:57.715+01:00","2025-01-30T11:06:57.715+01:00",1,"swiss.ricardo.iphone","bh.contextweb.com","Pulsepoint, Inc.",1,1,"AppInitiated"
"92","2025-01-30T11:07:46.517+01:00","2025-01-30T11:09:17.423+01:00",2,"swiss.ricardo.iphone","o170101.ingest.sentry.io","Functional Software, Inc.",1,1,"AppInitiated"
"93","2025-01-30T11:07:46.827+01:00","2025-01-30T11:07:46.827+01:00",1,"swiss.ricardo.iphone","inv-nets.admixer.net","",2,1,"AppInitiated"
"94","2025-01-30T11:09:31.844+01:00","2025-01-30T11:09:31.844+01:00",1,"swiss.ricardo.iphone","b.stripecdn.com","",2,1,"AppInitiated"
"95","2025-01-30T11:09:30.283+01:00","2025-01-30T11:09:30.283+01:00",1,"swiss.ricardo.iphone","js.stripe.com","",2,1,"AppInitiated"
"96","2025-01-30T11:09:32.992+01:00","2025-01-30T11:09:32.992+01:00",1,"swiss.ricardo.iphone","api.hcaptcha.com","",2,1,"AppInitiated"
"97","2025-01-30T11:09:31.867+01:00","2025-01-30T11:09:31.867+01:00",1,"swiss.ricardo.iphone","newassets.hcaptcha.com","",2,1,"AppInitiated"
"98","2025-01-30T11:09:31.876+01:00","2025-01-30T11:09:31.876+01:00",1,"swiss.ricardo.iphone","api2.hcaptcha.com","",2,1,"AppInitiated"
"99","2025-01-30T11:09:31.859+01:00","2025-01-30T11:09:31.859+01:00",1,"swiss.ricardo.iphone","hcaptcha.com","",2,1,"AppInitiated"
"100","2025-01-30T11:09:17.863+01:00","2025-01-30T11:09:17.863+01:00",1,"swiss.ricardo.iphone","match.sharethrough.com","",2,1,"AppInitiated"
"101","2025-01-30T11:09:30.609+01:00","2025-01-30T11:09:30.609+01:00",1,"swiss.ricardo.iphone","api.stripe.com","",2,1,"AppInitiated"
"102","2025-01-30T11:09:30.838+01:00","2025-01-30T11:09:30.838+01:00",1,"swiss.ricardo.iphone","r.stripe.com","",2,1,"AppInitiated"
"103","2025-01-30T11:09:35.661+01:00","2025-01-30T11:09:35.661+01:00",1,"swiss.ricardo.iphone","m.stripe.network","",2,1,"AppInitiated"
"104","2025-01-30T11:09:36.002+01:00","2025-01-30T11:09:36.002+01:00",1,"swiss.ricardo.iphone","m.stripe.com","",2,1,"AppInitiated"
"105","2025-01-30T11:09:30.822+01:00","2025-01-30T11:09:30.822+01:00",1,"swiss.ricardo.iphone","merchant-ui-api.stripe.com","",2,1,"AppInitiated"
"106","2025-01-31T09:37:58.287+01:00","2025-01-31T09:37:58.287+01:00",1,"swiss.ricardo.iphone","10588112.fls.doubleclick.net","",2,1,"AppInitiated"
"107","2025-01-31T09:38:11.156+01:00","2025-01-31T09:38:11.156+01:00",1,"swiss.ricardo.iphone","privacyportal-ch.onetrust.com","",2,1,"AppInitiated"
"108","2025-01-31T09:37:58.156+01:00","2025-01-31T09:37:58.156+01:00",1,"swiss.ricardo.iphone","qykzunftnm.ricardo.ch","",2,1,"AppInitiated"
"109","2025-01-31T09:37:58.576+01:00","2025-01-31T09:37:58.576+01:00",1,"swiss.ricardo.iphone","adservice.google.com","",2,1,"AppInitiated"
"110","2025-01-31T09:37:58.254+01:00","2025-01-31T09:37:58.254+01:00",1,"swiss.ricardo.iphone","www.googleadservices.com","Google LLC",1,1,"AppInitiated"
"111","2025-01-31T09:37:31.481+01:00","2025-01-31T09:37:31.481+01:00",1,"swiss.ricardo.iphone","cm.creativecdn.com","",2,1,"AppInitiated"
"112","2025-01-31T09:38:04.594+01:00","2025-01-31T09:38:04.594+01:00",1,"swiss.ricardo.iphone","visitor.omnitagjs.com","",2,1,"AppInitiated"
"113","2025-01-31T09:37:58.833+01:00","2025-01-31T09:37:58.833+01:00",1,"swiss.ricardo.iphone","www.google.ch","",2,1,"AppInitiated"
"114","2025-01-31T09:37:58.083+01:00","2025-01-31T09:37:58.083+01:00",1,"swiss.ricardo.iphone","www.google.com","",2,1,"AppInitiated"
"115","2025-01-31T09:37:44.103+01:00","2025-01-31T09:37:44.103+01:00",1,"swiss.ricardo.iphone","files.ricardostatic.ch","",2,1,"AppInitiated"
"116","2025-01-31T09:37:44.108+01:00","2025-01-31T09:37:44.108+01:00",1,"swiss.ricardo.iphone","style-6a38.kxcdn.com","",2,1,"AppInitiated"
"117","2025-01-31T09:38:26.544+01:00","2025-01-31T09:38:26.544+01:00",1,"swiss.ricardo.iphone","sync.addlv.smt.docomo.ne.jp","",2,1,"AppInitiated"
"118","2025-01-31T09:37:44.440+01:00","2025-01-31T09:37:44.440+01:00",1,"swiss.ricardo.iphone","sync.1rx.io","",2,1,"AppInitiated"
"119","2025-01-31T09:37:58.458+01:00","2025-01-31T09:37:58.458+01:00",1,"swiss.ricardo.iphone","ce.lijit.com","",2,1,"AppInitiated"
"120","2025-02-02T11:17:20.211+01:00","2025-02-08T14:28:03.832+01:00",10,"swiss.ricardo.iphone","g.doubleclick.net","Google LLC",1,1,"AppInitiated"
"121","2025-02-02T18:19:37.345+01:00","2025-02-08T14:28:12.766+01:00",10,"swiss.ricardo.iphone","app-analytics-services.com","",2,1,"AppInitiated"
"122","2025-02-02T18:19:37.370+01:00","2025-02-08T14:28:03.448+01:00",9,"swiss.ricardo.iphone","login.ricardo.ch","",2,1,"AppInitiated"
"123","2025-02-02T18:19:37.477+01:00","2025-02-08T14:28:06.028+01:00",8,"swiss.ricardo.iphone","rules2.aatkit.com","",2,1,"AppInitiated"
"124","2025-02-02T18:19:37.467+01:00","2025-02-08T14:30:02.901+01:00",23,"swiss.ricardo.iphone","firebaselogging-pa.googleapis.com","Google LLC",1,1,"AppInitiated"
"125","2025-02-02T18:19:37.456+01:00","2025-02-08T14:28:03.342+01:00",3,"swiss.ricardo.iphone","mobile-events.eservice.emarsys.net","SAP SE",1,1,"AppInitiated"
"126","2025-02-02T18:20:01.439+01:00","2025-02-08T14:30:09.707+01:00",16,"swiss.ricardo.iphone","tracking.aatkit.com","AddApptr GmbH",1,1,"AppInitiated"
"127","2025-02-02T18:19:52.117+01:00","2025-02-08T14:30:05.706+01:00",18,"swiss.ricardo.iphone","region1.app-analytics-services.com","",2,1,"AppInitiated"
"128","2025-02-02T18:19:37.432+01:00","2025-02-08T14:28:03.463+01:00",3,"swiss.ricardo.iphone","googleads.g.doubleclick.net","Google LLC",1,1,"AppInitiated"
"129","2025-02-02T18:19:46.053+01:00","2025-02-08T14:28:04.271+01:00",13,"swiss.ricardo.iphone","img.ricardostatic.ch","",2,1,"AppInitiated"
"130","2025-02-02T18:19:37.382+01:00","2025-02-08T14:28:06.017+01:00",14,"swiss.ricardo.iphone","firebaseremoteconfigrealtime.googleapis.com","",2,1,"AppInitiated"
"131","2025-02-02T18:19:37.459+01:00","2025-02-08T14:28:03.433+01:00",3,"swiss.ricardo.iphone","me-client.eservice.emarsys.net","SAP SE",1,1,"AppInitiated"
"132","2025-02-02T18:19:37.473+01:00","2025-02-08T14:29:10.406+01:00",25,"swiss.ricardo.iphone","api.ricardo.ch","",2,1,"AppInitiated"
"133","2025-02-02T18:20:55.385+01:00","2025-02-08T14:28:04.362+01:00",4,"swiss.ricardo.iphone","gspe19-ssl.ls.apple.com","",2,1,"AppInitiated"
"134","2025-02-02T18:20:55.382+01:00","2025-02-08T14:28:04.420+01:00",5,"swiss.ricardo.iphone","gspe19-2-ssl.ls.apple.com","",2,1,"AppInitiated"
"135","2025-02-02T18:20:50.481+01:00","2025-02-04T10:36:38.610+01:00",5,"swiss.ricardo.iphone","rules3.aatkit.com","AddApptr GmbH",1,1,"AppInitiated"
"136","2025-02-02T18:20:54.722+01:00","2025-02-06T18:18:44.228+01:00",2,"swiss.ricardo.iphone","gsp-ssl.ls.apple.com","",2,1,"AppInitiated"
"137","2025-02-02T20:00:12.374+01:00","2025-02-06T18:18:44.169+01:00",12,"swiss.ricardo.iphone","eservice.emarsys.net","SAP SE",1,1,"AppInitiated"
"138","2025-02-02T20:00:12.354+01:00","2025-02-08T14:28:03.452+01:00",5,"swiss.ricardo.iphone","rules.aatkit.com","AddApptr GmbH",1,1,"AppInitiated"
"139","2025-02-03T01:07:01.132+01:00","2025-02-08T14:30:07.551+01:00",7,"swiss.ricardo.iphone","firebaseremoteconfig.googleapis.com","Google LLC",1,1,"AppInitiated"
"140","2025-02-03T01:07:01.111+01:00","2025-02-08T14:28:03.454+01:00",8,"swiss.ricardo.iphone","mobile-data.onetrust.io","",2,1,"AppInitiated"
"141","2025-02-03T01:07:01.108+01:00","2025-02-08T14:28:03.472+01:00",8,"swiss.ricardo.iphone","launches.appsflyer.com","AppsFlyer",1,1,"AppInitiated"
"142","2025-02-03T01:07:01.096+01:00","2025-02-08T14:28:03.450+01:00",8,"swiss.ricardo.iphone","mobile-sdk-config.gservice.emarsys.net","",2,1,"AppInitiated"
"143","2025-02-03T01:07:01.115+01:00","2025-02-08T14:28:03.474+01:00",8,"swiss.ricardo.iphone","cdn.cookielaw.org","",2,1,"AppInitiated"
"144","2025-02-03T01:07:00.966+01:00","2025-02-08T14:28:03.431+01:00",4,"swiss.ricardo.iphone","cdn-settings.appsflyersdk.com","",2,1,"AppInitiated"
"145","2025-02-04T10:13:27.378+01:00","2025-02-06T13:30:33.839+01:00",2,"swiss.ricardo.iphone","tags.creativecdn.com","",2,1,"AppInitiated"
"146","2025-02-04T10:13:27.624+01:00","2025-02-06T13:30:34.049+01:00",2,"swiss.ricardo.iphone","ade.googlesyndication.com","",2,1,"AppInitiated"
"147","2025-02-04T10:13:27.397+01:00","2025-02-06T13:30:33.831+01:00",3,"swiss.ricardo.iphone","acdn.adnxs.com","",2,1,"AppInitiated"
"148","2025-02-04T10:13:27.971+01:00","2025-02-06T13:30:34.429+01:00",2,"swiss.ricardo.iphone","t.teads.tv","",2,1,"AppInitiated"
"149","2025-02-04T10:13:27.564+01:00","2025-02-06T13:30:34.141+01:00",2,"swiss.ricardo.iphone","api.appcues.net","",2,1,"AppInitiated"
"150","2025-02-04T10:13:27.760+01:00","2025-02-06T13:30:34.192+01:00",2,"swiss.ricardo.iphone","cm.teads.tv","",2,1,"AppInitiated"
"151","2025-02-04T10:13:27.804+01:00","2025-02-06T13:30:34.236+01:00",2,"swiss.ricardo.iphone","ct.pinterest.com","",2,1,"AppInitiated"
"152","2025-02-04T10:13:27.501+01:00","2025-02-06T13:30:33.948+01:00",2,"swiss.ricardo.iphone","region1.google-analytics.com","Google LLC",1,1,"AppInitiated"
"153","2025-02-04T10:13:27.413+01:00","2025-02-06T13:30:33.806+01:00",2,"swiss.ricardo.iphone","www.google-analytics.com","Google LLC",1,1,"AppInitiated"
"154","2025-02-04T10:13:27.419+01:00","2025-02-06T13:30:33.845+01:00",2,"swiss.ricardo.iphone","bat.bing.com","Microsoft Corporation",1,1,"AppInitiated"
"155","2025-02-04T10:13:27.738+01:00","2025-02-04T10:13:27.738+01:00",1,"swiss.ricardo.iphone","ricardo20.zendesk.com","",2,1,"AppInitiated"
"156","2025-02-04T10:13:27.427+01:00","2025-02-06T13:30:33.868+01:00",2,"swiss.ricardo.iphone","amplify.outbrain.com","",2,1,"AppInitiated"
"157","2025-02-04T10:13:27.048+01:00","2025-02-06T13:30:33.489+01:00",2,"swiss.ricardo.iphone","www.googletagmanager.com","Google LLC",1,1,"AppInitiated"
"158","2025-02-04T10:13:27.579+01:00","2025-02-06T13:30:34.039+01:00",2,"swiss.ricardo.iphone","ams.creativecdn.com","",2,1,"AppInitiated"
"159","2025-02-04T10:13:27.573+01:00","2025-02-06T13:30:34.042+01:00",2,"swiss.ricardo.iphone","recommender.scarabresearch.com","",2,1,"AppInitiated"
"160","2025-02-04T10:13:21.046+01:00","2025-02-04T10:13:21.046+01:00",1,"swiss.ricardo.iphone","device-provisioning.googleapis.com","",2,1,"AppInitiated"
"161","2025-02-04T10:13:27.402+01:00","2025-02-06T13:30:33.814+01:00",2,"swiss.ricardo.iphone","sc-static.net","",2,1,"AppInitiated"
"162","2025-02-04T10:13:26.634+01:00","2025-02-06T13:30:33.042+01:00",2,"swiss.ricardo.iphone","static.ricardo.ch","",2,1,"AppInitiated"
"163","2025-02-04T10:13:21.052+01:00","2025-02-04T10:13:21.052+01:00",1,"swiss.ricardo.iphone","firebaseinstallations.googleapis.com","",2,1,"AppInitiated"
"164","2025-02-04T10:13:27.355+01:00","2025-02-06T13:30:33.800+01:00",2,"swiss.ricardo.iphone","pagead2.googlesyndication.com","Google LLC",1,1,"AppInitiated"
"165","2025-02-04T10:13:27.422+01:00","2025-02-06T13:30:33.871+01:00",2,"swiss.ricardo.iphone","api.marketing.swissmarketplace.group","",2,1,"AppInitiated"
"166","2025-02-04T10:13:27.576+01:00","2025-02-06T13:30:34.045+01:00",2,"swiss.ricardo.iphone","static.scarabresearch.com","",2,1,"AppInitiated"
"167","2025-02-04T10:13:26.637+01:00","2025-02-06T13:30:33.054+01:00",2,"swiss.ricardo.iphone","static.cloudflareinsights.com","",2,1,"AppInitiated"
"168","2025-02-04T10:13:27.410+01:00","2025-02-04T10:13:27.410+01:00",1,"swiss.ricardo.iphone","ekr.zdassets.com","",2,1,"AppInitiated"
"169","2025-02-04T10:13:27.389+01:00","2025-02-06T13:30:33.843+01:00",2,"swiss.ricardo.iphone","s.pinimg.com","",2,1,"AppInitiated"
"170","2025-02-04T10:13:27.317+01:00","2025-02-06T13:30:33.638+01:00",2,"swiss.ricardo.iphone","fast.appcues.com","",2,1,"AppInitiated"
"171","2025-02-04T10:13:26.628+01:00","2025-02-06T13:30:33.036+01:00",2,"swiss.ricardo.iphone","fonts.gstatic.com","",2,1,"AppInitiated"
"172","2025-02-04T10:13:24.974+01:00","2025-02-04T10:13:24.974+01:00",1,"swiss.ricardo.iphone","proxy.safebrowsing.apple","",2,1,"NonAppInitiated"
"173","2025-02-04T10:13:27.745+01:00","2025-02-06T13:30:34.188+01:00",2,"swiss.ricardo.iphone","tr.snapchat.com","Snap Inc.",1,1,"AppInitiated"
"174","2025-02-04T10:13:24.685+01:00","2025-02-06T13:30:32.144+01:00",2,"swiss.ricardo.iphone","www.ricardo.ch","",2,1,"AppInitiated"
"175","2025-02-04T10:13:20.965+01:00","2025-02-08T14:28:03.122+01:00",3,"swiss.ricardo.iphone","firebase-settings.crashlytics.com","Google LLC",1,1,"AppInitiated"
"176","2025-02-04T10:13:27.172+01:00","2025-02-04T10:13:27.172+01:00",1,"swiss.ricardo.iphone","static.zdassets.com","",2,1,"AppInitiated"
"177","2025-02-04T10:13:27.755+01:00","2025-02-06T13:30:34.233+01:00",2,"swiss.ricardo.iphone","ib.adnxs.com","Microsoft Corporation",1,1,"AppInitiated"
"178","2025-02-04T10:13:27.416+01:00","2025-02-06T13:30:33.865+01:00",2,"swiss.ricardo.iphone","p.teads.tv","",2,1,"AppInitiated"
"179","2025-02-04T10:13:27.405+01:00","2025-02-06T13:30:33.836+01:00",2,"swiss.ricardo.iphone","cdn.scarabresearch.com","",2,1,"AppInitiated"
"180","2025-02-04T10:13:28.357+01:00","2025-02-04T10:13:28.357+01:00",1,"swiss.ricardo.iphone","cm.creativecdn.com","",2,1,"AppInitiated"
"181","2025-02-04T10:13:46.423+01:00","2025-02-04T10:13:46.423+01:00",1,"swiss.ricardo.iphone","fonts.googleapis.com","",2,1,"AppInitiated"
"182","2025-02-04T10:13:46.826+01:00","2025-02-04T10:13:46.826+01:00",1,"swiss.ricardo.iphone","sentry.io","",2,1,"AppInitiated"
"183","2025-02-04T10:13:28.352+01:00","2025-02-06T13:30:34.719+01:00",2,"swiss.ricardo.iphone","tr6.snapchat.com","Snap Inc.",1,1,"AppInitiated"
"184","2025-02-04T10:13:47.767+01:00","2025-02-04T10:13:47.767+01:00",1,"swiss.ricardo.iphone","rt.udmserve.net","",2,1,"AppInitiated"
"185","2025-02-04T10:13:50.509+01:00","2025-02-06T10:25:38.761+01:00",2,"swiss.ricardo.iphone","crashlyticsreports-pa.googleapis.com","Google LLC",1,1,"AppInitiated"
"186","2025-02-06T10:26:11.046+01:00","2025-02-06T10:26:11.046+01:00",1,"swiss.ricardo.iphone","reporting.aatkit.com","",2,1,"AppInitiated"
"187","2025-02-06T10:25:22.174+01:00","2025-02-06T10:25:22.174+01:00",1,"swiss.ricardo.iphone","ib.adnxs-simple.com","",2,1,"AppInitiated"
"188","2025-02-06T13:30:34.606+01:00","2025-02-06T13:30:34.606+01:00",1,"swiss.ricardo.iphone","pixel.rubiconproject.com","Magnite, Inc.",1,1,"AppInitiated"
"189","2025-02-10T10:17:45.121+01:00","2025-02-15T12:17:19.542+01:00",6,"swiss.ricardo.iphone","mobile-events.eservice.emarsys.net","SAP SE",1,1,"AppInitiated"
"190","2025-02-10T10:17:45.147+01:00","2025-02-15T12:17:19.586+01:00",5,"swiss.ricardo.iphone","me-client.eservice.emarsys.net","SAP SE",1,1,"AppInitiated"
"191","2025-02-10T10:17:45.149+01:00","2025-02-16T17:16:48.636+01:00",69,"swiss.ricardo.iphone","firebaselogging-pa.googleapis.com","Google LLC",1,1,"AppInitiated"
"192","2025-02-10T10:17:45.386+01:00","2025-02-16T17:11:59.861+01:00",23,"swiss.ricardo.iphone","rules2.aatkit.com","",2,1,"AppInitiated"
"193","2025-02-10T10:17:45.384+01:00","2025-02-16T15:24:45.790+01:00",15,"swiss.ricardo.iphone","login.ricardo.ch","",2,1,"AppInitiated"
"194","2025-02-10T10:17:45.392+01:00","2025-02-16T17:16:48.642+01:00",57,"swiss.ricardo.iphone","eservice.emarsys.net","SAP SE",1,1,"AppInitiated"
"195","2025-02-10T10:17:45.074+01:00","2025-02-16T15:24:45.630+01:00",5,"swiss.ricardo.iphone","firebase-settings.crashlytics.com","Google LLC",1,1,"AppInitiated"
"196","2025-02-10T10:17:45.717+01:00","2025-02-16T15:24:45.841+01:00",35,"swiss.ricardo.iphone","img.ricardostatic.ch","",2,1,"AppInitiated"
"197","2025-02-10T10:17:45.161+01:00","2025-02-15T12:17:19.601+01:00",5,"swiss.ricardo.iphone","googleads.g.doubleclick.net","Google LLC",1,1,"AppInitiated"
"198","2025-02-10T10:17:54.156+01:00","2025-02-16T17:04:12.533+01:00",20,"swiss.ricardo.iphone","app-analytics-services.com","",2,1,"AppInitiated"
"199","2025-02-10T10:17:45.388+01:00","2025-02-16T15:24:45.778+01:00",15,"swiss.ricardo.iphone","mobile-sdk-config.gservice.emarsys.net","",2,1,"AppInitiated"
"200","2025-02-10T10:17:45.135+01:00","2025-02-16T17:16:48.631+01:00",39,"swiss.ricardo.iphone","firebaseremoteconfigrealtime.googleapis.com","",2,1,"AppInitiated"
"201","2025-02-10T10:17:45.407+01:00","2025-02-16T15:24:45.743+01:00",15,"swiss.ricardo.iphone","launches.appsflyer.com","AppsFlyer",1,1,"AppInitiated"
"202","2025-02-10T10:18:41.395+01:00","2025-02-16T15:25:23.977+01:00",10,"swiss.ricardo.iphone","gspe19-ssl.ls.apple.com","",2,1,"AppInitiated"
"203","2025-02-10T10:17:59.027+01:00","2025-02-16T17:16:58.440+01:00",63,"swiss.ricardo.iphone","region1.app-analytics-services.com","",2,1,"AppInitiated"
"204","2025-02-10T10:17:45.405+01:00","2025-02-16T15:24:45.751+01:00",15,"swiss.ricardo.iphone","mobile-data.onetrust.io","",2,1,"AppInitiated"
"205","2025-02-10T10:17:45.418+01:00","2025-02-16T17:16:48.610+01:00",68,"swiss.ricardo.iphone","api.ricardo.ch","",2,1,"AppInitiated"
"206","2025-02-10T10:17:45.164+01:00","2025-02-16T15:24:45.693+01:00",5,"swiss.ricardo.iphone","cdn-settings.appsflyersdk.com","",2,1,"AppInitiated"
"207","2025-02-10T10:17:45.403+01:00","2025-02-16T17:03:57.984+01:00",27,"swiss.ricardo.iphone","g.doubleclick.net","Google LLC",1,1,"AppInitiated"
"208","2025-02-10T10:18:41.423+01:00","2025-02-16T15:25:23.967+01:00",17,"swiss.ricardo.iphone","gspe19-2-ssl.ls.apple.com","",2,1,"AppInitiated"
"209","2025-02-10T10:17:45.156+01:00","2025-02-16T17:03:58.034+01:00",11,"swiss.ricardo.iphone","firebaseremoteconfig.googleapis.com","Google LLC",1,1,"AppInitiated"
"210","2025-02-10T10:17:45.412+01:00","2025-02-16T15:24:45.724+01:00",16,"swiss.ricardo.iphone","cdn.cookielaw.org","",2,1,"AppInitiated"
"211","2025-02-10T10:19:32.104+01:00","2025-02-16T17:17:00.244+01:00",57,"swiss.ricardo.iphone","tracking.aatkit.com","AddApptr GmbH",1,1,"AppInitiated"
"212","2025-02-10T16:02:06.157+01:00","2025-02-16T17:16:48.638+01:00",26,"swiss.ricardo.iphone","rules.aatkit.com","AddApptr GmbH",1,1,"AppInitiated"
"213","2025-02-10T16:02:34.496+01:00","2025-02-16T17:09:56.748+01:00",9,"swiss.ricardo.iphone","www.googletagmanager.com","Google LLC",1,1,"AppInitiated"
"214","2025-02-10T16:02:35.423+01:00","2025-02-16T15:24:53.973+01:00",7,"swiss.ricardo.iphone","ricardo20.zendesk.com","",2,1,"AppInitiated"
"215","2025-02-10T16:02:34.714+01:00","2025-02-16T15:24:53.537+01:00",5,"swiss.ricardo.iphone","static.zdassets.com","",2,1,"AppInitiated"
"216","2025-02-10T16:02:31.465+01:00","2025-02-16T17:12:03.856+01:00",11,"swiss.ricardo.iphone","www.ricardo.ch","",2,1,"AppInitiated"
"217","2025-02-10T16:02:34.725+01:00","2025-02-16T17:12:05.369+01:00",10,"swiss.ricardo.iphone","fast.appcues.com","",2,1,"AppInitiated"
"218","2025-02-10T16:02:35.281+01:00","2025-02-16T17:12:05.544+01:00",10,"swiss.ricardo.iphone","ct.pinterest.com","",2,1,"AppInitiated"
"219","2025-02-10T16:02:35.233+01:00","2025-02-16T17:12:05.664+01:00",13,"swiss.ricardo.iphone","cm.teads.tv","",2,1,"AppInitiated"
"220","2025-02-10T16:02:31.838+01:00","2025-02-16T15:24:52.160+01:00",4,"swiss.ricardo.iphone","proxy.safebrowsing.apple","",2,1,"NonAppInitiated"
"221","2025-02-10T16:02:34.908+01:00","2025-02-16T17:09:57.271+01:00",6,"swiss.ricardo.iphone","amplify.outbrain.com","",2,1,"AppInitiated"
"222","2025-02-10T16:02:34.868+01:00","2025-02-16T17:09:57.239+01:00",7,"swiss.ricardo.iphone","cdn.scarabresearch.com","",2,1,"AppInitiated"
"223","2025-02-10T16:02:34.936+01:00","2025-02-16T17:09:57.245+01:00",9,"swiss.ricardo.iphone","p.teads.tv","",2,1,"AppInitiated"
"224","2025-02-10T16:02:34.888+01:00","2025-02-16T15:24:53.776+01:00",5,"swiss.ricardo.iphone","s.pinimg.com","",2,1,"AppInitiated"
"225","2025-02-10T16:02:33.956+01:00","2025-02-16T17:12:04.680+01:00",10,"swiss.ricardo.iphone","fonts.gstatic.com","",2,1,"AppInitiated"
"226","2025-02-10T16:02:35.030+01:00","2025-02-16T17:12:05.447+01:00",11,"swiss.ricardo.iphone","region1.google-analytics.com","Google LLC",1,1,"AppInitiated"
"227","2025-02-10T16:02:35.505+01:00","2025-02-16T17:12:05.869+01:00",11,"swiss.ricardo.iphone","t.teads.tv","",2,1,"AppInitiated"
"228","2025-02-10T16:02:36.382+01:00","2025-02-15T11:06:46.947+01:00",2,"swiss.ricardo.iphone","fonts.googleapis.com","",2,1,"AppInitiated"
"229","2025-02-10T16:02:33.968+01:00","2025-02-16T15:24:53.197+01:00",4,"swiss.ricardo.iphone","static.cloudflareinsights.com","",2,1,"AppInitiated"
"230","2025-02-10T16:02:35.093+01:00","2025-02-16T17:09:57.593+01:00",11,"swiss.ricardo.iphone","recommender.scarabresearch.com","",2,1,"AppInitiated"
"231","2025-02-10T16:02:35.513+01:00","2025-02-10T16:02:35.513+01:00",1,"swiss.ricardo.iphone","webchannel-content.eservice.emarsys.net","SAP SE",1,1,"AppInitiated"
"232","2025-02-10T16:02:34.859+01:00","2025-02-16T17:09:57.193+01:00",6,"swiss.ricardo.iphone","tags.creativecdn.com","",2,1,"AppInitiated"
"233","2025-02-10T16:02:34.834+01:00","2025-02-16T17:12:05.449+01:00",11,"swiss.ricardo.iphone","www.google-analytics.com","Google LLC",1,1,"AppInitiated"
"234","2025-02-10T16:02:34.886+01:00","2025-02-16T15:24:53.772+01:00",6,"swiss.ricardo.iphone","ekr.zdassets.com","",2,1,"AppInitiated"
"235","2025-02-10T16:02:35.171+01:00","2025-02-16T17:12:05.279+01:00",10,"swiss.ricardo.iphone","ams.creativecdn.com","",2,1,"AppInitiated"
"236","2025-02-10T16:02:35.095+01:00","2025-02-16T15:24:53.907+01:00",3,"swiss.ricardo.iphone","static.scarabresearch.com","",2,1,"AppInitiated"
"237","2025-02-10T16:02:34.882+01:00","2025-02-16T17:09:57.236+01:00",8,"swiss.ricardo.iphone","sc-static.net","",2,1,"AppInitiated"
"238","2025-02-10T16:02:35.290+01:00","2025-02-16T17:12:05.480+01:00",17,"swiss.ricardo.iphone","ib.adnxs.com","Microsoft Corporation",1,1,"AppInitiated"
"239","2025-02-10T16:02:34.980+01:00","2025-02-16T17:16:49.483+01:00",16,"swiss.ricardo.iphone","api.appcues.net","",2,1,"AppInitiated"
"240","2025-02-10T16:02:34.893+01:00","2025-02-16T15:24:53.762+01:00",8,"swiss.ricardo.iphone","acdn.adnxs.com","",2,1,"AppInitiated"
"241","2025-02-10T16:02:35.239+01:00","2025-02-16T17:12:05.650+01:00",11,"swiss.ricardo.iphone","ade.googlesyndication.com","",2,1,"AppInitiated"
"242","2025-02-10T16:02:34.841+01:00","2025-02-16T17:12:05.188+01:00",11,"swiss.ricardo.iphone","pagead2.googlesyndication.com","Google LLC",1,1,"AppInitiated"
"243","2025-02-10T16:02:33.963+01:00","2025-02-16T17:09:56.234+01:00",10,"swiss.ricardo.iphone","static.ricardo.ch","",2,1,"AppInitiated"
"244","2025-02-10T16:02:34.947+01:00","2025-02-16T17:12:04.688+01:00",10,"swiss.ricardo.iphone","bat.bing.com","Microsoft Corporation",1,1,"AppInitiated"
"245","2025-02-10T16:02:34.914+01:00","2025-02-16T17:12:05.305+01:00",11,"swiss.ricardo.iphone","api.marketing.swissmarketplace.group","",2,1,"AppInitiated"
"246","2025-02-10T16:09:29.336+01:00","2025-02-16T17:10:55.472+01:00",21,"swiss.ricardo.iphone","rules3.aatkit.com","AddApptr GmbH",1,1,"AppInitiated"
"247","2025-02-11T10:47:59.174+01:00","2025-02-15T18:17:53.257+01:00",8,"swiss.ricardo.iphone","gsp-ssl.ls.apple.com","",2,1,"AppInitiated"
"248","2025-02-11T10:47:44.700+01:00","2025-02-11T10:47:44.700+01:00",1,"swiss.ricardo.iphone","firebaseinstallations.googleapis.com","",2,1,"AppInitiated"
"249","2025-02-11T10:47:50.286+01:00","2025-02-15T18:20:52.181+01:00",10,"swiss.ricardo.iphone","ib.adnxs-simple.com","",2,1,"AppInitiated"
"250","2025-02-11T10:48:39.770+01:00","2025-02-15T18:20:59.196+01:00",6,"swiss.ricardo.iphone","reporting.aatkit.com","",2,1,"AppInitiated"
"251","2025-02-11T10:47:44.682+01:00","2025-02-11T10:47:44.682+01:00",1,"swiss.ricardo.iphone","device-provisioning.googleapis.com","",2,1,"AppInitiated"
"252","2025-02-14T15:29:10.174+01:00","2025-02-14T15:29:10.174+01:00",1,"swiss.ricardo.iphone","crashlyticsreports-pa.googleapis.com","Google LLC",1,1,"AppInitiated"
"253","2025-02-15T11:04:30.278+01:00","2025-02-16T17:16:48.600+01:00",11,"swiss.ricardo.iphone","tr6.snapchat.com","Snap Inc.",1,1,"AppInitiated"
"254","2025-02-15T11:04:29.914+01:00","2025-02-16T17:16:48.614+01:00",11,"swiss.ricardo.iphone","tr.snapchat.com","Snap Inc.",1,1,"AppInitiated"
"255","2025-02-15T11:06:47.823+01:00","2025-02-15T11:06:47.823+01:00",1,"swiss.ricardo.iphone","pixel.rubiconproject.com","Magnite, Inc.",1,1,"AppInitiated"
"256","2025-02-15T11:06:47.177+01:00","2025-02-15T11:23:07.269+01:00",4,"swiss.ricardo.iphone","sentry.io","",2,1,"AppInitiated"
"257","2025-02-15T11:05:32.191+01:00","2025-02-15T11:05:32.191+01:00",1,"swiss.ricardo.iphone","cm.creativecdn.com","",2,1,"AppInitiated"
"258","2025-02-15T11:05:45.676+01:00","2025-02-15T11:05:45.676+01:00",1,"swiss.ricardo.iphone","rt.udmserve.net","",2,1,"AppInitiated"
"259","2025-02-15T11:21:50.033+01:00","2025-02-15T11:21:50.033+01:00",1,"swiss.ricardo.iphone","challenges.cloudflare.com","",2,1,"AppInitiated"
"260","2025-02-15T11:21:48.216+01:00","2025-02-15T11:21:48.216+01:00",1,"swiss.ricardo.iphone","www.tutti.ch","",2,1,"AppInitiated"
"261","2025-02-15T11:21:29.386+01:00","2025-02-15T11:21:29.386+01:00",1,"swiss.ricardo.iphone","safebrowsing.googleapis.com","",2,1,"NonAppInitiated"
"262","2025-02-15T11:21:22.885+01:00","2025-02-15T11:23:07.620+01:00",2,"swiss.ricardo.iphone","track.adform.net","",2,1,"AppInitiated"
"263","2025-02-15T11:21:23.130+01:00","2025-02-15T11:21:23.130+01:00",1,"swiss.ricardo.iphone","s2.adform.net","",2,1,"AppInitiated"
"264","2025-02-15T11:21:50.024+01:00","2025-02-15T11:21:50.024+01:00",1,"swiss.ricardo.iphone","cdn.tutti.ch","",2,1,"AppInitiated"
"265","2025-02-15T11:21:31.246+01:00","2025-02-15T11:21:31.246+01:00",1,"swiss.ricardo.iphone","ad.yieldlab.net","",2,1,"AppInitiated"
"266","2025-02-15T11:21:49.799+01:00","2025-02-15T11:21:49.799+01:00",1,"swiss.ricardo.iphone","cdn.auth0.com","",2,1,"AppInitiated"
"267","2025-02-15T11:21:49.253+01:00","2025-02-15T11:21:49.253+01:00",1,"swiss.ricardo.iphone","auth.tutti.ch","",2,1,"AppInitiated"
"268","2025-02-15T11:21:23.750+01:00","2025-02-15T11:23:07.838+01:00",2,"swiss.ricardo.iphone","secure.adnxs.com","",2,1,"AppInitiated"
"269","2025-02-15T11:21:22.283+01:00","2025-02-15T11:21:22.283+01:00",1,"swiss.ricardo.iphone","analytics.tiktok.com","ByteDance Ltd.",1,1,"AppInitiated"
"270","2025-02-15T11:22:01.627+01:00","2025-02-15T11:22:01.627+01:00",1,"swiss.ricardo.iphone","zendesk-eu.my.sentry.io","",2,1,"AppInitiated"
"271","2025-02-15T11:22:24.531+01:00","2025-02-15T11:22:24.531+01:00",1,"swiss.ricardo.iphone","attester.gateway.icloud.com","",2,1,"AppInitiated"
"272","2025-02-15T11:23:07.244+01:00","2025-02-15T11:23:07.244+01:00",1,"swiss.ricardo.iphone","www.googleadservices.com","Google LLC",1,1,"AppInitiated"
"273","2025-02-15T11:22:38.583+01:00","2025-02-15T11:22:38.583+01:00",1,"swiss.ricardo.iphone","smg.gb-next.ch","",2,1,"AppInitiated"
"274","2025-02-15T11:22:39.270+01:00","2025-02-15T11:22:39.270+01:00",1,"swiss.ricardo.iphone","eb6a7d55b667d9b6e52e2ebe363274d7b395eb78.seondfresolver.com","",2,1,"AppInitiated"
"275","2025-02-15T11:23:07.797+01:00","2025-02-15T11:23:07.797+01:00",1,"swiss.ricardo.iphone","sync.teads.tv","",2,1,"AppInitiated"
"276","2025-02-15T11:23:19.844+01:00","2025-02-15T11:23:19.844+01:00",1,"swiss.ricardo.iphone","dsum-sec.casalemedia.com","Index Exchange, Inc.",1,1,"AppInitiated"
"277","2025-02-15T11:23:07.690+01:00","2025-02-15T11:23:07.690+01:00",1,"swiss.ricardo.iphone","www.google.com","",2,1,"AppInitiated"
"278","2025-02-15T11:22:40.515+01:00","2025-02-15T11:22:40.515+01:00",1,"swiss.ricardo.iphone","74.125.250.129","",2,2,"AppInitiated"
"279","2025-02-15T11:23:07.890+01:00","2025-02-15T11:23:07.890+01:00",1,"swiss.ricardo.iphone","www.google.ch","",2,1,"AppInitiated"
"280","2025-02-15T11:22:38.802+01:00","2025-02-15T11:22:38.802+01:00",1,"swiss.ricardo.iphone","geolocation.onetrust.com","",2,1,"AppInitiated"
"281","2025-02-15T11:22:40.509+01:00","2025-02-15T11:22:40.509+01:00",1,"swiss.ricardo.iphone","1c80f4a2-5d66-4502-bbd2-c38dbc0287c4.seondfresolver.com","",2,1,"AppInitiated"
"282","2025-02-15T11:22:38.951+01:00","2025-02-15T11:22:38.951+01:00",1,"swiss.ricardo.iphone","cdn.seondf.com","",2,1,"AppInitiated"
"283","2025-02-15T11:22:38.884+01:00","2025-02-15T11:22:38.884+01:00",1,"swiss.ricardo.iphone","ingest.sentry.io","Functional Software, Inc.",1,1,"AppInitiated"
"284","2025-02-15T11:22:38.561+01:00","2025-02-15T11:22:38.561+01:00",1,"swiss.ricardo.iphone","c.tutti.ch","",2,1,"AppInitiated"
"285","2025-02-15T11:22:39.125+01:00","2025-02-15T11:22:39.125+01:00",1,"swiss.ricardo.iphone","cloudflareinsights.com","",2,1,"AppInitiated"
"286","2025-02-15T13:35:31.832+01:00","2025-02-15T13:35:31.832+01:00",1,"swiss.ricardo.iphone","sync.taboola.com","",2,1,"AppInitiated"
"287","2025-02-15T15:52:13.106+01:00","2025-02-15T15:52:13.106+01:00",1,"swiss.ricardo.iphone","ih.adscale.de","",2,1,"AppInitiated"
"288","2025-02-15T16:09:21.035+01:00","2025-02-15T16:09:21.035+01:00",1,"swiss.ricardo.iphone","eb2.3lift.com","TripleLift",1,1,"AppInitiated"
"289","2025-02-15T16:09:32.428+01:00","2025-02-15T16:09:32.428+01:00",1,"swiss.ricardo.iphone","sync.outbrain.com","",2,1,"AppInitiated"
"290","2025-02-16T15:24:54.295+01:00","2025-02-16T15:24:54.295+01:00",1,"swiss.ricardo.iphone","ssp-csync.smartadserver.com","",2,1,"AppInitiated"
"291","2025-02-16T17:10:16.730+01:00","2025-02-16T17:10:16.730+01:00",1,"swiss.ricardo.iphone","ads.yieldmo.com","YieldMo, Inc.",1,1,"AppInitiated"
"292","2025-02-16T17:09:58.095+01:00","2025-02-16T17:09:58.095+01:00",1,"swiss.ricardo.iphone","ads.stickyadstv.com","",2,1,"AppInitiated"
"293","2025-02-16T17:12:05.688+01:00","2025-02-16T17:12:05.688+01:00",1,"swiss.ricardo.iphone","us-u.openx.net","OpenX Technologies Inc",1,1,"AppInitiated"
"294","2025-02-16T15:24:54.295+01:00","2025-02-16T15:24:54.295+01:00",1,"swiss.ricardo.iphone","ssp-csync.smartadserver.com","",2,1,"AppInitiated"
"295","2025-02-16T15:24:53.188+01:00","2025-02-17T10:08:43.627+01:00",3,"swiss.ricardo.iphone","static.ricardo.ch","",2,1,"AppInitiated"
"296","2025-02-16T15:24:53.769+01:00","2025-02-17T10:08:44.315+01:00",3,"swiss.ricardo.iphone","cdn.scarabresearch.com","",2,1,"AppInitiated"
"297","2025-02-16T15:24:53.765+01:00","2025-02-17T10:08:44.305+01:00",3,"swiss.ricardo.iphone","sc-static.net","",2,1,"AppInitiated"
"298","2025-02-16T15:24:53.729+01:00","2025-02-17T10:08:44.311+01:00",4,"swiss.ricardo.iphone","pagead2.googlesyndication.com","Google LLC",1,1,"AppInitiated"
"299","2025-02-16T15:24:53.197+01:00","2025-02-16T15:24:53.197+01:00",1,"swiss.ricardo.iphone","static.cloudflareinsights.com","",2,1,"AppInitiated"
"300","2025-02-16T15:24:53.489+01:00","2025-02-17T10:08:43.955+01:00",3,"swiss.ricardo.iphone","www.googletagmanager.com","Google LLC",1,1,"AppInitiated"
"301","2025-02-16T15:24:53.903+01:00","2025-02-17T10:08:44.552+01:00",4,"swiss.ricardo.iphone","ams.creativecdn.com","",2,1,"AppInitiated"
"302","2025-02-16T15:24:54.025+01:00","2025-02-17T10:08:44.555+01:00",4,"swiss.ricardo.iphone","cm.teads.tv","",2,1,"AppInitiated"
"303","2025-02-16T15:24:53.907+01:00","2025-02-17T10:08:44.533+01:00",2,"swiss.ricardo.iphone","static.scarabresearch.com","",2,1,"AppInitiated"
"304","2025-02-16T15:24:45.695+01:00","2025-02-23T00:03:51.695+01:00",4,"swiss.ricardo.iphone","firebaseremoteconfig.googleapis.com","Google LLC",1,1,"AppInitiated"
"305","2025-02-16T15:24:53.803+01:00","2025-02-17T10:47:37.238+01:00",11,"swiss.ricardo.iphone","api.appcues.net","",2,1,"AppInitiated"
"306","2025-02-16T15:24:53.787+01:00","2025-02-17T10:46:37.567+01:00",8,"swiss.ricardo.iphone","api.marketing.swissmarketplace.group","",2,1,"AppInitiated"
"307","2025-02-16T15:24:53.899+01:00","2025-02-17T10:08:44.486+01:00",4,"swiss.ricardo.iphone","region1.google-analytics.com","Google LLC",1,1,"AppInitiated"
"308","2025-02-16T15:24:53.776+01:00","2025-02-17T10:08:44.338+01:00",2,"swiss.ricardo.iphone","s.pinimg.com","",2,1,"AppInitiated"
"309","2025-02-16T15:24:53.779+01:00","2025-02-17T10:08:44.332+01:00",3,"swiss.ricardo.iphone","p.teads.tv","",2,1,"AppInitiated"
"310","2025-02-16T15:24:53.784+01:00","2025-02-17T10:08:44.335+01:00",3,"swiss.ricardo.iphone","amplify.outbrain.com","",2,1,"AppInitiated"
"311","2025-02-16T15:24:53.789+01:00","2025-02-17T10:08:44.353+01:00",4,"swiss.ricardo.iphone","bat.bing.com","Microsoft Corporation",1,1,"AppInitiated"
"312","2025-02-16T15:24:54.333+01:00","2025-02-17T10:46:37.627+01:00",9,"swiss.ricardo.iphone","tr6.snapchat.com","Snap Inc.",1,1,"AppInitiated"
"313","2025-02-16T15:24:53.182+01:00","2025-02-17T10:08:43.629+01:00",4,"swiss.ricardo.iphone","fonts.gstatic.com","",2,1,"AppInitiated"
"314","2025-02-16T15:24:54.005+01:00","2025-02-17T10:08:44.629+01:00",4,"swiss.ricardo.iphone","ade.googlesyndication.com","",2,1,"AppInitiated"
"315","2025-02-16T15:24:53.762+01:00","2025-02-16T15:24:53.762+01:00",1,"swiss.ricardo.iphone","acdn.adnxs.com","",2,1,"AppInitiated"
"316","2025-02-16T15:24:53.772+01:00","2025-02-17T10:08:44.233+01:00",2,"swiss.ricardo.iphone","ekr.zdassets.com","",2,1,"AppInitiated"
"317","2025-02-16T15:24:45.630+01:00","2025-02-23T00:03:51.125+01:00",3,"swiss.ricardo.iphone","firebase-settings.crashlytics.com","Google LLC",1,1,"AppInitiated"
"318","2025-02-16T15:24:53.990+01:00","2025-02-17T10:08:44.317+01:00",4,"swiss.ricardo.iphone","ib.adnxs.com","Microsoft Corporation",1,1,"AppInitiated"
"319","2025-02-16T15:24:45.693+01:00","2025-02-23T00:03:51.147+01:00",2,"swiss.ricardo.iphone","cdn-settings.appsflyersdk.com","",2,1,"AppInitiated"
"320","2025-02-16T15:24:54.009+01:00","2025-02-17T10:08:44.624+01:00",4,"swiss.ricardo.iphone","ct.pinterest.com","",2,1,"AppInitiated"
"321","2025-02-16T15:24:53.935+01:00","2025-02-17T10:46:29.098+01:00",7,"swiss.ricardo.iphone","tr.snapchat.com","Snap Inc.",1,1,"AppInitiated"
"322","2025-02-16T15:24:51.903+01:00","2025-02-17T10:08:42.322+01:00",4,"swiss.ricardo.iphone","www.ricardo.ch","",2,1,"AppInitiated"
"323","2025-02-16T15:24:53.914+01:00","2025-02-17T10:08:44.514+01:00",3,"swiss.ricardo.iphone","recommender.scarabresearch.com","",2,1,"AppInitiated"
"324","2025-02-16T15:24:53.754+01:00","2025-02-17T10:08:44.323+01:00",4,"swiss.ricardo.iphone","www.google-analytics.com","Google LLC",1,1,"AppInitiated"
"325","2025-02-16T15:24:53.537+01:00","2025-02-17T10:08:44.054+01:00",2,"swiss.ricardo.iphone","static.zdassets.com","",2,1,"AppInitiated"
"326","2025-02-16T15:25:23.967+01:00","2025-02-17T10:46:37.622+01:00",3,"swiss.ricardo.iphone","gspe19-2-ssl.ls.apple.com","",2,1,"AppInitiated"
"327","2025-02-16T15:24:45.793+01:00","2025-02-17T10:46:29.244+01:00",6,"swiss.ricardo.iphone","rules3.aatkit.com","AddApptr GmbH",1,1,"AppInitiated"
"328","2025-02-16T15:24:53.973+01:00","2025-02-17T10:08:44.477+01:00",2,"swiss.ricardo.iphone","ricardo20.zendesk.com","",2,1,"AppInitiated"
"329","2025-02-16T15:24:53.758+01:00","2025-02-17T10:08:44.320+01:00",3,"swiss.ricardo.iphone","tags.creativecdn.com","",2,1,"AppInitiated"
"330","2025-02-16T15:24:53.632+01:00","2025-02-17T10:08:44.132+01:00",4,"swiss.ricardo.iphone","fast.appcues.com","",2,1,"AppInitiated"
"331","2025-02-16T15:24:54.229+01:00","2025-02-17T10:08:44.799+01:00",4,"swiss.ricardo.iphone","t.teads.tv","",2,1,"AppInitiated"
"332","2025-02-16T17:03:57.504+01:00","2025-02-23T00:03:51.164+01:00",14,"swiss.ricardo.iphone","firebaseremoteconfigrealtime.googleapis.com","",2,1,"AppInitiated"
"333","2025-02-16T17:03:57.981+01:00","2025-02-23T00:03:51.156+01:00",16,"swiss.ricardo.iphone","eservice.emarsys.net","SAP SE",1,1,"AppInitiated"
"334","2025-02-16T17:04:12.789+01:00","2025-02-23T00:03:52.480+01:00",15,"swiss.ricardo.iphone","region1.app-analytics-services.com","",2,1,"AppInitiated"
"335","2025-02-16T17:04:12.533+01:00","2025-02-23T00:03:52.242+01:00",5,"swiss.ricardo.iphone","app-analytics-services.com","",2,1,"AppInitiated"
"336","2025-02-16T17:03:57.974+01:00","2025-02-23T00:03:51.358+01:00",15,"swiss.ricardo.iphone","api.ricardo.ch","",2,1,"AppInitiated"
"337","2025-02-16T17:03:57.984+01:00","2025-02-23T00:03:51.317+01:00",4,"swiss.ricardo.iphone","g.doubleclick.net","Google LLC",1,1,"AppInitiated"
"338","2025-02-16T17:03:57.659+01:00","2025-02-23T00:03:53.201+01:00",6,"swiss.ricardo.iphone","rules2.aatkit.com","",2,1,"AppInitiated"
"339","2025-02-16T17:03:57.996+01:00","2025-02-23T00:03:51.323+01:00",19,"swiss.ricardo.iphone","firebaselogging-pa.googleapis.com","Google LLC",1,1,"AppInitiated"
"340","2025-02-16T17:10:16.730+01:00","2025-02-16T17:10:16.730+01:00",1,"swiss.ricardo.iphone","ads.yieldmo.com","YieldMo, Inc.",1,1,"AppInitiated"
"341","2025-02-16T17:06:09.616+01:00","2025-02-23T00:04:28.975+01:00",14,"swiss.ricardo.iphone","tracking.aatkit.com","AddApptr GmbH",1,1,"AppInitiated"
"342","2025-02-16T17:09:58.095+01:00","2025-02-16T17:09:58.095+01:00",1,"swiss.ricardo.iphone","ads.stickyadstv.com","",2,1,"AppInitiated"
"343","2025-02-16T17:09:47.254+01:00","2025-02-23T00:03:51.161+01:00",6,"swiss.ricardo.iphone","rules.aatkit.com","AddApptr GmbH",1,1,"AppInitiated"
"344","2025-02-16T17:12:05.688+01:00","2025-02-16T17:12:05.688+01:00",1,"swiss.ricardo.iphone","us-u.openx.net","OpenX Technologies Inc",1,1,"AppInitiated"
"345","2025-02-17T08:45:50.034+01:00","2025-02-23T00:03:51.150+01:00",2,"swiss.ricardo.iphone","login.ricardo.ch","",2,1,"AppInitiated"
"346","2025-02-17T10:08:50.172+01:00","2025-02-17T10:08:50.172+01:00",1,"swiss.ricardo.iphone","gspe19-ssl.ls.apple.com","",2,1,"AppInitiated"
"347","2025-02-17T10:08:45.128+01:00","2025-02-17T10:08:45.128+01:00",1,"swiss.ricardo.iphone","ice.360yield.com","",2,1,"AppInitiated"
"348","2025-02-17T10:08:42.599+01:00","2025-02-17T10:08:42.599+01:00",1,"swiss.ricardo.iphone","proxy.safebrowsing.apple","",2,1,"NonAppInitiated"
"349","2025-02-17T10:08:49.987+01:00","2025-02-23T00:03:51.877+01:00",3,"swiss.ricardo.iphone","img.ricardostatic.ch","",2,1,"AppInitiated"
"350","2025-02-23T00:04:28.080+01:00","2025-02-23T00:04:28.080+01:00",1,"swiss.ricardo.iphone","region1.app-analytics-services-att.com","",2,1,"AppInitiated"
"351","2025-02-23T00:03:51.152+01:00","2025-02-23T00:03:51.152+01:00",1,"swiss.ricardo.iphone","mobile-sdk-config.gservice.emarsys.net","",2,1,"AppInitiated"
"352","2025-02-23T00:03:52.019+01:00","2025-02-23T00:03:52.019+01:00",1,"swiss.ricardo.iphone","privacyportal-ch.onetrust.com","",2,1,"AppInitiated"
"353","2025-02-23T00:03:54.363+01:00","2025-02-23T00:03:54.363+01:00",1,"swiss.ricardo.iphone","sdk-endpoint.prod.tda.link","",2,1,"AppInitiated"
"354","2025-02-23T00:03:51.166+01:00","2025-02-23T00:03:51.166+01:00",1,"swiss.ricardo.iphone","mobile-data.onetrust.io","",2,1,"AppInitiated"
"355","2025-02-23T00:03:51.320+01:00","2025-02-23T00:03:51.320+01:00",1,"swiss.ricardo.iphone","device-provisioning.googleapis.com","",2,1,"AppInitiated"
"356","2025-02-23T00:03:51.339+01:00","2025-02-23T00:03:51.339+01:00",1,"swiss.ricardo.iphone","firebaseinstallations.googleapis.com","",2,1,"AppInitiated"
"357","2025-02-23T00:03:51.336+01:00","2025-02-23T00:03:51.336+01:00",1,"swiss.ricardo.iphone","cdn.cookielaw.org","",2,1,"AppInitiated"
"358","2025-02-24T13:25:33.375+01:00","2025-03-02T11:09:42.421+01:00",51,"swiss.ricardo.iphone","region1.app-analytics-services-att.com","",2,1,"AppInitiated"
"359","2025-02-24T13:25:20.236+01:00","2025-03-02T03:03:45.739+01:00",29,"swiss.ricardo.iphone","img.ricardostatic.ch","",2,1,"AppInitiated"
"360","2025-02-24T13:25:19.122+01:00","2025-03-02T03:03:45.323+01:00",14,"swiss.ricardo.iphone","launches.appsflyer.com","AppsFlyer",1,1,"AppInitiated"
"361","2025-02-24T13:25:19.047+01:00","2025-03-01T16:49:34.311+01:00",18,"swiss.ricardo.iphone","rules.aatkit.com","AddApptr GmbH",1,1,"AppInitiated"
"362","2025-02-24T13:25:37.546+01:00","2025-03-02T11:09:45.034+01:00",44,"swiss.ricardo.iphone","tracking.aatkit.com","AddApptr GmbH",1,1,"AppInitiated"
"363","2025-02-24T13:25:19.034+01:00","2025-03-01T15:23:37.833+01:00",5,"swiss.ricardo.iphone","cdn-settings.appsflyersdk.com","",2,1,"AppInitiated"
"364","2025-02-24T13:25:28.563+01:00","2025-03-02T11:09:28.054+01:00",24,"swiss.ricardo.iphone","app-analytics-services.com","",2,1,"AppInitiated"
"365","2025-02-24T13:25:20.470+01:00","2025-02-24T13:25:20.470+01:00",1,"swiss.ricardo.iphone","privacyportal-ch.onetrust.com","",2,1,"AppInitiated"
"366","2025-02-24T13:25:19.057+01:00","2025-03-02T11:09:28.056+01:00",41,"swiss.ricardo.iphone","firebaseremoteconfigrealtime.googleapis.com","",2,1,"AppInitiated"
"367","2025-02-24T13:25:19.075+01:00","2025-03-02T03:03:45.293+01:00",14,"swiss.ricardo.iphone","mobile-data.onetrust.io","",2,1,"AppInitiated"
"368","2025-02-24T13:25:19.428+01:00","2025-03-02T11:09:28.282+01:00",14,"swiss.ricardo.iphone","firebaseremoteconfig.googleapis.com","Google LLC",1,1,"AppInitiated"
"369","2025-02-24T13:25:19.044+01:00","2025-03-02T11:09:28.260+01:00",29,"swiss.ricardo.iphone","eservice.emarsys.net","SAP SE",1,1,"AppInitiated"
"370","2025-02-24T13:25:19.036+01:00","2025-03-02T03:03:45.267+01:00",14,"swiss.ricardo.iphone","mobile-sdk-config.gservice.emarsys.net","",2,1,"AppInitiated"
"371","2025-02-24T13:25:19.470+01:00","2025-03-02T11:09:28.290+01:00",53,"swiss.ricardo.iphone","api.ricardo.ch","",2,1,"AppInitiated"
"372","2025-02-24T13:25:20.525+01:00","2025-03-02T03:03:45.467+01:00",14,"swiss.ricardo.iphone","sdk-endpoint.prod.tda.link","",2,1,"AppInitiated"
"373","2025-02-24T13:25:19.264+01:00","2025-03-02T03:03:45.327+01:00",14,"swiss.ricardo.iphone","cdn.cookielaw.org","",2,1,"AppInitiated"
"374","2025-02-24T13:25:19.040+01:00","2025-03-02T11:09:28.052+01:00",18,"swiss.ricardo.iphone","login.ricardo.ch","",2,1,"AppInitiated"
"375","2025-02-24T13:25:19.426+01:00","2025-03-02T03:03:45.334+01:00",23,"swiss.ricardo.iphone","g.doubleclick.net","Google LLC",1,1,"AppInitiated"
"376","2025-02-24T13:25:19.418+01:00","2025-03-02T03:03:45.325+01:00",55,"swiss.ricardo.iphone","firebaselogging-pa.googleapis.com","Google LLC",1,1,"AppInitiated"
"377","2025-02-24T13:25:53.444+01:00","2025-03-02T03:03:45.274+01:00",18,"swiss.ricardo.iphone","rules2.aatkit.com","",2,1,"AppInitiated"
"378","2025-02-24T19:22:05.480+01:00","2025-03-02T11:09:28.058+01:00",18,"swiss.ricardo.iphone","rules3.aatkit.com","AddApptr GmbH",1,1,"AppInitiated"
"379","2025-02-25T19:17:31.694+01:00","2025-03-01T15:23:45.059+01:00",4,"swiss.ricardo.iphone","fonts.googleapis.com","",2,1,"AppInitiated"
"380","2025-02-25T19:17:34.211+01:00","2025-03-02T11:09:39.408+01:00",10,"swiss.ricardo.iphone","ct.pinterest.com","",2,1,"AppInitiated"
"381","2025-02-25T19:17:33.921+01:00","2025-03-02T11:09:39.380+01:00",9,"swiss.ricardo.iphone","ade.googlesyndication.com","",2,1,"AppInitiated"
"382","2025-02-25T19:17:33.505+01:00","2025-03-02T11:09:39.092+01:00",9,"swiss.ricardo.iphone","cdn.scarabresearch.com","",2,1,"AppInitiated"
"383","2025-02-25T19:17:34.118+01:00","2025-03-02T11:09:39.349+01:00",9,"swiss.ricardo.iphone","ams.creativecdn.com","",2,1,"AppInitiated"
"384","2025-02-25T19:17:33.321+01:00","2025-03-02T11:09:39.068+01:00",9,"swiss.ricardo.iphone","pagead2.googlesyndication.com","Google LLC",1,1,"AppInitiated"
"385","2025-02-25T19:17:34.760+01:00","2025-03-02T11:09:39.624+01:00",11,"swiss.ricardo.iphone","t.teads.tv","",2,1,"AppInitiated"
"386","2025-02-25T19:18:04.619+01:00","2025-02-25T19:18:04.619+01:00",1,"swiss.ricardo.iphone","js.stripe.com","",2,1,"AppInitiated"
"387","2025-02-25T19:17:34.162+01:00","2025-03-02T11:09:39.346+01:00",6,"swiss.ricardo.iphone","static.scarabresearch.com","",2,1,"AppInitiated"
"388","2025-02-25T19:17:33.726+01:00","2025-03-02T11:09:39.301+01:00",9,"swiss.ricardo.iphone","region1.google-analytics.com","Google LLC",1,1,"AppInitiated"
"389","2025-02-25T19:17:33.502+01:00","2025-03-02T11:09:39.101+01:00",9,"swiss.ricardo.iphone","sc-static.net","",2,1,"AppInitiated"
"390","2025-02-25T19:18:06.557+01:00","2025-02-25T19:18:06.557+01:00",1,"swiss.ricardo.iphone","api.stripe.com","",2,1,"AppInitiated"
"391","2025-02-25T19:17:32.653+01:00","2025-03-02T11:09:38.688+01:00",9,"swiss.ricardo.iphone","www.googletagmanager.com","Google LLC",1,1,"AppInitiated"
"392","2025-02-25T19:17:34.312+01:00","2025-03-02T11:09:39.485+01:00",10,"swiss.ricardo.iphone","ib.adnxs.com","Microsoft Corporation",1,1,"AppInitiated"
"393","2025-02-25T19:17:34.935+01:00","2025-03-02T11:09:39.783+01:00",10,"swiss.ricardo.iphone","tr6.snapchat.com","Snap Inc.",1,1,"AppInitiated"
"394","2025-02-25T19:17:33.562+01:00","2025-03-02T11:09:39.142+01:00",11,"swiss.ricardo.iphone","api.marketing.swissmarketplace.group","",2,1,"AppInitiated"
"395","2025-02-25T19:17:31.691+01:00","2025-03-02T11:09:38.332+01:00",9,"swiss.ricardo.iphone","static.ricardo.ch","",2,1,"AppInitiated"
"396","2025-02-25T19:17:34.132+01:00","2025-03-02T11:09:39.352+01:00",10,"swiss.ricardo.iphone","cm.teads.tv","",2,1,"AppInitiated"
"397","2025-02-25T19:17:33.553+01:00","2025-03-02T11:09:39.136+01:00",10,"swiss.ricardo.iphone","bat.bing.com","Microsoft Corporation",1,1,"AppInitiated"
"398","2025-02-25T19:17:31.697+01:00","2025-03-01T15:23:45.067+01:00",4,"swiss.ricardo.iphone","static.cloudflareinsights.com","",2,1,"AppInitiated"
"399","2025-02-25T19:17:33.523+01:00","2025-03-02T11:09:39.083+01:00",9,"swiss.ricardo.iphone","s.pinimg.com","",2,1,"AppInitiated"
"400","2025-02-25T19:17:32.625+01:00","2025-03-02T11:09:38.628+01:00",6,"swiss.ricardo.iphone","ingest.sentry.io","Functional Software, Inc.",1,1,"AppInitiated"
"401","2025-02-25T19:17:30.322+01:00","2025-03-02T11:09:28.067+01:00",13,"swiss.ricardo.iphone","www.ricardo.ch","",2,1,"AppInitiated"
"402","2025-02-25T19:17:33.476+01:00","2025-03-02T11:09:39.106+01:00",9,"swiss.ricardo.iphone","www.google-analytics.com","Google LLC",1,1,"AppInitiated"
"403","2025-02-25T19:17:33.527+01:00","2025-03-02T11:09:39.076+01:00",8,"swiss.ricardo.iphone","tags.creativecdn.com","",2,1,"AppInitiated"
"404","2025-02-25T19:17:34.137+01:00","2025-03-02T11:09:39.343+01:00",9,"swiss.ricardo.iphone","recommender.scarabresearch.com","",2,1,"AppInitiated"
"405","2025-02-25T19:17:33.559+01:00","2025-03-02T11:09:39.139+01:00",9,"swiss.ricardo.iphone","amplify.outbrain.com","",2,1,"AppInitiated"
"406","2025-02-25T19:17:33.556+01:00","2025-03-02T11:09:39.110+01:00",10,"swiss.ricardo.iphone","p.teads.tv","",2,1,"AppInitiated"
"407","2025-02-25T19:17:24.747+01:00","2025-02-28T18:52:29.721+01:00",4,"swiss.ricardo.iphone","firebase-settings.crashlytics.com","Google LLC",1,1,"AppInitiated"
"408","2025-02-25T19:17:33.550+01:00","2025-03-02T11:09:39.104+01:00",9,"swiss.ricardo.iphone","acdn.adnxs.com","",2,1,"AppInitiated"
"409","2025-02-25T19:17:34.173+01:00","2025-03-02T11:09:39.419+01:00",11,"swiss.ricardo.iphone","tr.snapchat.com","Snap Inc.",1,1,"AppInitiated"
"410","2025-02-25T19:18:13.447+01:00","2025-02-25T19:19:53.650+01:00",2,"swiss.ricardo.iphone","attester.gateway.icloud.com","",2,1,"AppInitiated"
"411","2025-02-25T19:18:09.385+01:00","2025-02-25T19:18:09.385+01:00",1,"swiss.ricardo.iphone","api.hcaptcha.com","",2,1,"AppInitiated"
"412","2025-02-25T19:18:07.012+01:00","2025-02-25T19:22:08.804+01:00",3,"swiss.ricardo.iphone","r.stripe.com","",2,1,"AppInitiated"
"413","2025-02-25T19:18:06.997+01:00","2025-02-25T19:18:06.997+01:00",1,"swiss.ricardo.iphone","merchant-ui-api.stripe.com","",2,1,"AppInitiated"
"414","2025-02-25T19:18:11.244+01:00","2025-02-25T19:18:11.244+01:00",1,"swiss.ricardo.iphone","m.stripe.network","",2,1,"AppInitiated"
"415","2025-02-25T19:18:08.176+01:00","2025-02-25T19:18:08.176+01:00",1,"swiss.ricardo.iphone","hcaptcha.com","",2,1,"AppInitiated"
"416","2025-02-25T19:18:08.592+01:00","2025-02-25T19:18:08.592+01:00",1,"swiss.ricardo.iphone","newassets.hcaptcha.com","",2,1,"AppInitiated"
"417","2025-02-25T19:18:13.438+01:00","2025-02-25T19:18:13.438+01:00",1,"swiss.ricardo.iphone","m.stripe.com","",2,1,"AppInitiated"
"418","2025-02-25T19:18:07.979+01:00","2025-02-25T19:18:07.979+01:00",1,"swiss.ricardo.iphone","b.stripecdn.com","",2,1,"AppInitiated"
"419","2025-02-26T11:20:21.262+01:00","2025-02-28T23:31:27.521+01:00",8,"swiss.ricardo.iphone","me-client.eservice.emarsys.net","SAP SE",1,1,"AppInitiated"
"420","2025-02-26T11:20:21.244+01:00","2025-02-28T23:46:13.654+01:00",6,"swiss.ricardo.iphone","mobile-events.eservice.emarsys.net","SAP SE",1,1,"AppInitiated"
"421","2025-02-26T11:20:21.281+01:00","2025-02-28T23:31:27.220+01:00",6,"swiss.ricardo.iphone","googleads.g.doubleclick.net","Google LLC",1,1,"AppInitiated"
"422","2025-02-26T11:21:21.286+01:00","2025-02-27T06:35:11.654+01:00",2,"swiss.ricardo.iphone","csi.gstatic.com","",2,1,"AppInitiated"
"423","2025-02-26T16:26:56.421+01:00","2025-02-27T07:05:14.142+01:00",2,"swiss.ricardo.iphone","proxy.safebrowsing.apple","",2,1,"NonAppInitiated"
"424","2025-02-26T16:26:57.892+01:00","2025-03-02T11:09:38.800+01:00",7,"swiss.ricardo.iphone","static.zdassets.com","",2,1,"AppInitiated"
"425","2025-02-26T16:26:57.983+01:00","2025-03-02T11:09:38.959+01:00",7,"swiss.ricardo.iphone","ekr.zdassets.com","",2,1,"AppInitiated"
"426","2025-02-26T16:26:57.367+01:00","2025-02-27T07:05:15.170+01:00",2,"swiss.ricardo.iphone","fonts.gstatic.com","",2,1,"AppInitiated"
"427","2025-02-26T16:26:58.093+01:00","2025-03-02T11:09:39.184+01:00",13,"swiss.ricardo.iphone","api.appcues.net","",2,1,"AppInitiated"
"428","2025-02-26T16:26:59.338+01:00","2025-03-02T03:04:05.227+01:00",2,"swiss.ricardo.iphone","cm.creativecdn.com","",2,1,"AppInitiated"
"429","2025-02-26T16:26:59.114+01:00","2025-02-28T19:27:53.976+01:00",3,"swiss.ricardo.iphone","webchannel-content.eservice.emarsys.net","SAP SE",1,1,"AppInitiated"
"430","2025-02-26T16:26:57.907+01:00","2025-03-02T11:09:38.886+01:00",8,"swiss.ricardo.iphone","fast.appcues.com","",2,1,"AppInitiated"
"431","2025-02-26T16:26:59.222+01:00","2025-02-26T16:26:59.222+01:00",1,"swiss.ricardo.iphone","res.cloudinary.com","",2,1,"AppInitiated"
"432","2025-02-26T16:26:58.172+01:00","2025-03-02T11:09:39.250+01:00",7,"swiss.ricardo.iphone","ricardo20.zendesk.com","",2,1,"AppInitiated"
"433","2025-02-27T06:34:55.867+01:00","2025-03-01T15:23:50.113+01:00",7,"swiss.ricardo.iphone","gsp-ssl.ls.apple.com","",2,1,"AppInitiated"
"434","2025-02-27T06:34:56.461+01:00","2025-03-01T16:49:50.241+01:00",16,"swiss.ricardo.iphone","gspe19-2-ssl.ls.apple.com","",2,1,"AppInitiated"
"435","2025-02-27T06:34:56.443+01:00","2025-03-01T15:23:50.687+01:00",6,"swiss.ricardo.iphone","gspe19-ssl.ls.apple.com","",2,1,"AppInitiated"
"436","2025-02-27T07:05:27.397+01:00","2025-02-27T07:05:27.397+01:00",1,"swiss.ricardo.iphone","cloudflareinsights.com","",2,1,"AppInitiated"
"437","2025-02-27T07:05:50.009+01:00","2025-02-27T07:05:50.009+01:00",1,"swiss.ricardo.iphone","zendesk-eu.my.sentry.io","",2,1,"AppInitiated"
"438","2025-02-27T07:05:26.386+01:00","2025-02-27T07:05:26.386+01:00",1,"swiss.ricardo.iphone","smg.gb-next.ch","",2,1,"AppInitiated"
"439","2025-02-27T07:05:16.759+01:00","2025-02-27T07:05:16.759+01:00",1,"swiss.ricardo.iphone","rt.udmserve.net","",2,1,"AppInitiated"
"440","2025-02-27T07:05:26.363+01:00","2025-02-27T07:05:26.363+01:00",1,"swiss.ricardo.iphone","cdn.tutti.ch","",2,1,"AppInitiated"
"441","2025-02-27T07:05:52.653+01:00","2025-02-27T07:05:52.653+01:00",1,"swiss.ricardo.iphone","pixel.rubiconproject.com","Magnite, Inc.",1,1,"AppInitiated"
"442","2025-02-27T07:10:17.898+01:00","2025-03-01T16:50:49.335+01:00",8,"swiss.ricardo.iphone","ib.adnxs-simple.com","",2,1,"AppInitiated"
"443","2025-02-27T07:05:26.373+01:00","2025-02-27T07:05:26.373+01:00",1,"swiss.ricardo.iphone","c.tutti.ch","",2,1,"AppInitiated"
"444","2025-02-27T07:05:26.120+01:00","2025-02-27T07:05:26.120+01:00",1,"swiss.ricardo.iphone","www.tutti.ch","",2,1,"AppInitiated"
"445","2025-02-27T07:08:17.881+01:00","2025-02-27T07:08:17.881+01:00",1,"swiss.ricardo.iphone","ad.yieldlab.net","",2,1,"AppInitiated"
"446","2025-02-27T07:10:27.596+01:00","2025-03-01T16:50:19.109+01:00",6,"swiss.ricardo.iphone","reporting.aatkit.com","",2,1,"AppInitiated"
"447","2025-02-28T14:49:41.369+01:00","2025-02-28T14:49:41.369+01:00",1,"swiss.ricardo.iphone","sync.teads.tv","",2,1,"AppInitiated"
"448","2025-02-28T16:13:51.594+01:00","2025-02-28T16:13:51.594+01:00",1,"swiss.ricardo.iphone","images.ctfassets.net","",2,1,"AppInitiated"
"449","2025-02-28T18:52:36.260+01:00","2025-02-28T18:52:36.260+01:00",1,"swiss.ricardo.iphone","dsum-sec.casalemedia.com","Index Exchange, Inc.",1,1,"AppInitiated"
"450","2025-02-28T18:52:35.172+01:00","2025-02-28T19:27:52.171+01:00",2,"swiss.ricardo.iphone","o170101.ingest.sentry.io","Functional Software, Inc.",1,1,"AppInitiated"
"451","2025-02-28T19:27:54.627+01:00","2025-02-28T19:27:54.627+01:00",1,"swiss.ricardo.iphone","sync.taboola.com","",2,1,"AppInitiated"
"452","2025-03-01T15:23:46.611+01:00","2025-03-01T15:23:46.611+01:00",1,"swiss.ricardo.iphone","ih.adscale.de","",2,1,"AppInitiated"
"453","2025-03-02T03:03:45.331+01:00","2025-03-02T03:03:45.331+01:00",1,"swiss.ricardo.iphone","firebaseinstallations.googleapis.com","",2,1,"AppInitiated"
"454","2025-03-02T03:03:45.328+01:00","2025-03-02T03:03:45.328+01:00",1,"swiss.ricardo.iphone","device-provisioning.googleapis.com","",2,1,"AppInitiated"
"455","2025-03-02T11:09:39.918+01:00","2025-03-02T11:09:39.918+01:00",1,"swiss.ricardo.iphone","eb2.3lift.com","TripleLift",1,1,"AppInitiated"
"456","2025-03-02T11:09:28.407+01:00","2025-03-02T11:09:28.407+01:00",1,"swiss.ricardo.iphone","crashlyticsreports-pa.googleapis.com","Google LLC",1,1,"AppInitiated"
"457","2025-04-15T22:51:55.495+02:00","2025-04-19T08:49:04.428+02:00",3,"swiss.ricardo.iphone","mobile-sdk-config.gservice.emarsys.net","",2,1,"AppInitiated"
"458","2025-04-15T22:51:58.806+02:00","2025-04-15T22:51:58.806+02:00",1,"swiss.ricardo.iphone","device-provisioning.googleapis.com","",2,1,"AppInitiated"
"459","2025-04-15T22:51:56.405+02:00","2025-04-19T17:04:58.964+02:00",3,"swiss.ricardo.iphone","rules2.aatkit.com","",2,1,"AppInitiated"
"460","2025-04-15T22:51:55.931+02:00","2025-04-19T12:27:10.787+02:00",6,"swiss.ricardo.iphone","firebaseremoteconfig.googleapis.com","Google LLC",1,1,"AppInitiated"
"461","2025-04-15T22:51:55.901+02:00","2025-04-15T22:51:55.901+02:00",1,"swiss.ricardo.iphone","dynamic-config-api.appsflyer.com","",2,1,"AppInitiated"
"462","2025-04-15T22:51:55.628+02:00","2025-04-19T17:04:58.652+02:00",6,"swiss.ricardo.iphone","firebaseremoteconfigrealtime.googleapis.com","",2,1,"AppInitiated"
"463","2025-04-15T22:51:55.890+02:00","2025-04-15T22:51:55.890+02:00",1,"swiss.ricardo.iphone","privacyportal-ch.onetrust.com","",2,1,"AppInitiated"
"464","2025-04-15T22:51:55.789+02:00","2025-04-15T22:51:55.789+02:00",1,"swiss.ricardo.iphone","ca.iadsdk.apple.com","",2,1,"AppInitiated"
"465","2025-04-15T22:51:55.934+02:00","2025-04-15T22:51:55.934+02:00",1,"swiss.ricardo.iphone","api-adservices.apple.com","",2,1,"AppInitiated"
"466","2025-04-15T22:51:55.503+02:00","2025-04-21T02:48:19.775+02:00",7,"swiss.ricardo.iphone","login.ricardo.ch","",2,1,"AppInitiated"
"467","2025-04-15T22:51:55.884+02:00","2025-04-15T22:51:55.884+02:00",1,"swiss.ricardo.iphone","fcmtoken.googleapis.com","",2,1,"AppInitiated"
"468","2025-04-15T22:51:55.640+02:00","2025-04-15T22:51:55.640+02:00",1,"swiss.ricardo.iphone","firebaseinstallations.googleapis.com","",2,1,"AppInitiated"
"469","2025-04-15T22:51:55.615+02:00","2025-04-19T08:49:05.614+02:00",3,"swiss.ricardo.iphone","rules3.aatkit.com","AddApptr GmbH",1,1,"AppInitiated"
"470","2025-04-15T22:51:55.659+02:00","2025-04-21T02:48:22.202+02:00",5,"swiss.ricardo.iphone","g.doubleclick.net","Google LLC",1,1,"AppInitiated"
"471","2025-04-15T22:51:55.469+02:00","2025-04-18T11:58:35.277+02:00",2,"swiss.ricardo.iphone","firebase-settings.crashlytics.com","Google LLC",1,1,"AppInitiated"
"472","2025-04-15T22:51:55.520+02:00","2025-04-19T17:04:59.336+02:00",3,"swiss.ricardo.iphone","eservice.emarsys.net","SAP SE",1,1,"AppInitiated"
"473","2025-04-15T22:51:55.651+02:00","2025-04-19T08:49:04.484+02:00",3,"swiss.ricardo.iphone","cdn.cookielaw.org","",2,1,"AppInitiated"
"474","2025-04-15T22:51:55.898+02:00","2025-04-15T22:51:55.898+02:00",1,"swiss.ricardo.iphone","attr.appsflyer.com","AppsFlyer",1,1,"AppInitiated"
"475","2025-04-15T22:51:55.756+02:00","2025-04-19T17:04:58.977+02:00",7,"swiss.ricardo.iphone","api.ricardo.ch","",2,1,"AppInitiated"
"476","2025-04-15T22:51:55.636+02:00","2025-04-15T22:51:55.636+02:00",1,"swiss.ricardo.iphone","skadsdk.appsflyer.com","",2,1,"AppInitiated"
"477","2025-04-15T22:51:55.493+02:00","2025-04-18T11:58:36.048+02:00",2,"swiss.ricardo.iphone","cdn-settings.appsflyersdk.com","",2,1,"AppInitiated"
"478","2025-04-15T22:51:55.840+02:00","2025-04-15T22:51:55.840+02:00",1,"swiss.ricardo.iphone","conversions.appsflyer.com","AppsFlyer",1,1,"AppInitiated"
"479","2025-04-15T22:51:55.896+02:00","2025-04-19T12:27:26.070+02:00",5,"swiss.ricardo.iphone","img.ricardostatic.ch","",2,1,"AppInitiated"
"480","2025-04-15T22:51:55.634+02:00","2025-04-19T08:49:04.491+02:00",3,"swiss.ricardo.iphone","mobile-data.onetrust.io","",2,1,"AppInitiated"
"481","2025-04-15T22:52:09.039+02:00","2025-04-19T17:05:13.569+02:00",7,"swiss.ricardo.iphone","region1.app-analytics-services.com","",2,1,"AppInitiated"
"482","2025-04-15T22:52:03.314+02:00","2025-04-19T12:27:10.754+02:00",4,"swiss.ricardo.iphone","rules.aatkit.com","AddApptr GmbH",1,1,"AppInitiated"
"483","2025-04-15T22:52:03.972+02:00","2025-04-21T02:48:17.691+02:00",6,"swiss.ricardo.iphone","app-analytics-services.com","",2,1,"AppInitiated"
"484","2025-04-15T22:52:02.481+02:00","2025-04-15T22:52:02.481+02:00",1,"swiss.ricardo.iphone","register.appsflyer.com","AppsFlyer",1,1,"AppInitiated"
"485","2025-04-15T22:52:08.052+02:00","2025-04-15T22:52:08.052+02:00",1,"swiss.ricardo.iphone","74.125.250.129","",2,2,"AppInitiated"
"486","2025-04-15T22:52:32.545+02:00","2025-04-19T17:05:19.213+02:00",7,"swiss.ricardo.iphone","tracking.aatkit.com","AddApptr GmbH",1,1,"AppInitiated"
"487","2025-04-15T22:52:58.725+02:00","2025-04-19T12:27:10.746+02:00",5,"swiss.ricardo.iphone","firebaselogging-pa.googleapis.com","Google LLC",1,1,"AppInitiated"
"488","2025-04-15T22:53:17.911+02:00","2025-04-19T12:27:26.878+02:00",2,"swiss.ricardo.iphone","s.pinimg.com","",2,1,"AppInitiated"
"489","2025-04-15T22:53:15.711+02:00","2025-04-19T12:27:25.345+02:00",2,"swiss.ricardo.iphone","www.ricardo.ch","",2,1,"AppInitiated"
"490","2025-04-15T22:53:17.780+02:00","2025-04-19T12:27:26.583+02:00",2,"swiss.ricardo.iphone","fast.appcues.com","",2,1,"AppInitiated"
"491","2025-04-15T22:53:18.240+02:00","2025-04-19T12:27:27.299+02:00",2,"swiss.ricardo.iphone","static.scarabresearch.com","",2,1,"AppInitiated"
"492","2025-04-15T22:53:18.273+02:00","2025-04-19T12:27:27.310+02:00",2,"swiss.ricardo.iphone","tr.snapchat.com","Snap Inc.",1,1,"AppInitiated"
"493","2025-04-15T22:53:17.276+02:00","2025-04-15T22:53:17.276+02:00",1,"swiss.ricardo.iphone","fonts.gstatic.com","",2,1,"AppInitiated"
"494","2025-04-15T22:53:17.965+02:00","2025-04-19T12:27:26.896+02:00",2,"swiss.ricardo.iphone","cdn.scarabresearch.com","",2,1,"AppInitiated"
"495","2025-04-15T22:53:18.507+02:00","2025-04-19T12:27:27.659+02:00",2,"swiss.ricardo.iphone","t.teads.tv","",2,1,"AppInitiated"
"496","2025-04-15T22:53:17.956+02:00","2025-04-19T12:27:26.932+02:00",2,"swiss.ricardo.iphone","ekr.zdassets.com","",2,1,"AppInitiated"
"497","2025-04-15T22:53:15.971+02:00","2025-04-15T22:53:15.971+02:00",1,"swiss.ricardo.iphone","proxy.safebrowsing.apple","",2,1,"NonAppInitiated"
"498","2025-04-15T22:53:18.168+02:00","2025-04-19T12:27:27.126+02:00",2,"swiss.ricardo.iphone","region1.google-analytics.com","Google LLC",1,1,"AppInitiated"
"499","2025-04-15T22:53:17.686+02:00","2025-04-19T12:27:26.550+02:00",2,"swiss.ricardo.iphone","static.zdassets.com","",2,1,"AppInitiated"
"500","2025-04-15T22:53:18.227+02:00","2025-04-19T12:27:27.250+02:00",2,"swiss.ricardo.iphone","www.google.ch","",2,1,"AppInitiated"
"501","2025-04-15T22:53:18.200+02:00","2025-04-19T12:27:27.017+02:00",2,"swiss.ricardo.iphone","api.appcues.net","",2,1,"AppInitiated"
"502","2025-04-15T22:53:17.961+02:00","2025-04-19T12:27:26.892+02:00",2,"swiss.ricardo.iphone","bat.bing.com","Microsoft Corporation",1,1,"AppInitiated"
"503","2025-04-15T22:53:18.007+02:00","2025-04-19T12:27:26.941+02:00",2,"swiss.ricardo.iphone","api.marketing.swissmarketplace.group","",2,1,"AppInitiated"
"504","2025-04-15T22:53:17.021+02:00","2025-04-19T12:27:26.033+02:00",2,"swiss.ricardo.iphone","static.ricardo.ch","",2,1,"AppInitiated"
"505","2025-04-15T22:53:18.197+02:00","2025-04-19T12:27:27.193+02:00",2,"swiss.ricardo.iphone","ams.creativecdn.com","",2,1,"AppInitiated"
"506","2025-04-15T22:53:18.244+02:00","2025-04-19T12:27:27.302+02:00",2,"swiss.ricardo.iphone","cm.teads.tv","",2,1,"AppInitiated"
"507","2025-04-15T22:53:18.079+02:00","2025-04-19T12:27:27.090+02:00",2,"swiss.ricardo.iphone","ade.googlesyndication.com","",2,1,"AppInitiated"
"508","2025-04-15T22:53:17.909+02:00","2025-04-19T12:27:26.732+02:00",2,"swiss.ricardo.iphone","tags.creativecdn.com","",2,1,"AppInitiated"
"509","2025-04-15T22:53:17.963+02:00","2025-04-19T12:27:26.934+02:00",2,"swiss.ricardo.iphone","acdn.adnxs.com","",2,1,"AppInitiated"
"510","2025-04-15T22:53:17.966+02:00","2025-04-19T12:27:26.894+02:00",2,"swiss.ricardo.iphone","p.teads.tv","",2,1,"AppInitiated"
"511","2025-04-15T22:53:18.229+02:00","2025-04-19T12:27:27.296+02:00",2,"swiss.ricardo.iphone","recommender.scarabresearch.com","",2,1,"AppInitiated"
"512","2025-04-15T22:53:17.927+02:00","2025-04-19T12:27:26.874+02:00",2,"swiss.ricardo.iphone","sc-static.net","",2,1,"AppInitiated"
"513","2025-04-15T22:53:17.473+02:00","2025-04-15T22:53:17.473+02:00",1,"swiss.ricardo.iphone","ingest.sentry.io","Functional Software, Inc.",1,1,"AppInitiated"
"514","2025-04-15T22:53:18.241+02:00","2025-04-19T12:27:27.430+02:00",2,"swiss.ricardo.iphone","ib.adnxs.com","Microsoft Corporation",1,1,"AppInitiated"
"515","2025-04-15T22:53:18.005+02:00","2025-04-19T12:27:26.929+02:00",2,"swiss.ricardo.iphone","amplify.outbrain.com","",2,1,"AppInitiated"
"516","2025-04-15T22:53:18.174+02:00","2025-04-19T12:27:27.206+02:00",2,"swiss.ricardo.iphone","www.google.com","",2,1,"AppInitiated"
"517","2025-04-15T22:53:18.407+02:00","2025-04-19T12:27:27.332+02:00",2,"swiss.ricardo.iphone","ct.pinterest.com","",2,1,"AppInitiated"
"518","2025-04-15T22:53:17.925+02:00","2025-04-19T12:27:26.824+02:00",2,"swiss.ricardo.iphone","www.google-analytics.com","Google LLC",1,1,"AppInitiated"
"519","2025-04-15T22:53:17.068+02:00","2025-04-19T12:27:26.045+02:00",2,"swiss.ricardo.iphone","fonts.googleapis.com","",2,1,"AppInitiated"
"520","2025-04-15T22:53:17.024+02:00","2025-04-19T12:27:26.056+02:00",2,"swiss.ricardo.iphone","static.cloudflareinsights.com","",2,1,"AppInitiated"
"521","2025-04-15T22:53:17.912+02:00","2025-04-19T12:27:26.696+02:00",2,"swiss.ricardo.iphone","pagead2.googlesyndication.com","Google LLC",1,1,"AppInitiated"
"522","2025-04-15T22:53:17.538+02:00","2025-04-19T12:27:26.470+02:00",2,"swiss.ricardo.iphone","www.googletagmanager.com","Google LLC",1,1,"AppInitiated"
"523","2025-04-15T22:53:18.649+02:00","2025-04-19T12:27:27.796+02:00",2,"swiss.ricardo.iphone","tr6.snapchat.com","Snap Inc.",1,1,"AppInitiated"
"524","2025-04-15T22:53:18.370+02:00","2025-04-19T12:27:27.557+02:00",2,"swiss.ricardo.iphone","ricardo20.zendesk.com","",2,1,"AppInitiated"
"525","2025-04-18T11:58:36.060+02:00","2025-04-19T17:04:59.340+02:00",3,"swiss.ricardo.iphone","gspe19-2-ssl.ls.apple.com","",2,1,"AppInitiated"
"526","2025-04-18T11:58:36.025+02:00","2025-04-19T17:04:59.287+02:00",4,"swiss.ricardo.iphone","googleads.g.doubleclick.net","Google LLC",1,1,"AppInitiated"
"527","2025-04-18T11:58:35.988+02:00","2025-04-19T08:49:04.472+02:00",2,"swiss.ricardo.iphone","me-client.eservice.emarsys.net","SAP SE",1,1,"AppInitiated"
"528","2025-04-18T11:58:36.095+02:00","2025-04-19T08:49:04.487+02:00",2,"swiss.ricardo.iphone","launches.appsflyer.com","AppsFlyer",1,1,"AppInitiated"
"529","2025-04-18T11:58:35.941+02:00","2025-04-19T08:49:04.431+02:00",2,"swiss.ricardo.iphone","mobile-events.eservice.emarsys.net","SAP SE",1,1,"AppInitiated"
"530","2025-04-18T11:58:36.066+02:00","2025-04-19T08:49:52.879+02:00",2,"swiss.ricardo.iphone","gsp-ssl.ls.apple.com","",2,1,"AppInitiated"
"531","2025-04-19T08:49:53.861+02:00","2025-04-19T08:49:53.861+02:00",1,"swiss.ricardo.iphone","gspe19-ssl.ls.apple.com","",2,1,"AppInitiated"
"532","2025-04-19T08:49:33.756+02:00","2025-04-19T08:49:33.756+02:00",1,"swiss.ricardo.iphone","crashlyticsreports-pa.googleapis.com","Google LLC",1,1,"AppInitiated"
"533","2025-04-19T12:27:28.048+02:00","2025-04-19T12:27:28.048+02:00",1,"swiss.ricardo.iphone","cm.creativecdn.com","",2,1,"AppInitiated"
"534","2025-04-19T12:27:26.381+02:00","2025-04-19T12:27:26.381+02:00",1,"swiss.ricardo.iphone","o170101.ingest.sentry.io","Functional Software, Inc.",1,1,"AppInitiated"
"535","2025-04-19T12:27:27.653+02:00","2025-04-19T12:27:27.653+02:00",1,"swiss.ricardo.iphone","webchannel-content.eservice.emarsys.net","SAP SE",1,1,"AppInitiated"
