"","domain","total_hits","TrackerBlackListXL","TrackerBlackList","domainType","domainClassification","hits_sum","initiatedType","DomainOwnerName","apps","apps_count","CategoryNoTrack","CategoryDisconnect","CategoryLockdown"
"1","firebase-settings.crashlytics.com",62,TRUE,TRUE,"1","1",148,"AppInitiated","Google","Hitman, Bitwarden, Jodel, FAZ, Solitaire, DER SPIEGEL, Ricardo, Yuh, Reddit, Traffic Escape, Trainline, Spotify, Tutti, Twitter, BBCWorldService, Le Monde, eBay, Blick, Play SRF, Uber, Migros, RTS, Post, Revolut, SBB, Perplexity, Zwift, Slopes, bergfex, Freedom, AppBox Pro, Komoot, WhiteRisk, Salt",34,"NA","NA","NA"
"2","firebaselogging-pa.googleapis.com",57,TRUE,TRUE,"1","1",480,"AppInitiated","Google","Hitman, Bitwarden, Jodel, Solitaire, DER SPIEGEL, Steam, Ricardo, Yuh, Reddit, Traffic Escape, Spotify, Tutti, Twitter, Le Monde, eBay, Blick, Neon, Play SRF, Migros, Trainline, RTS, Post, Revolut, SBB, Perplexity, Zwift, Slopes, bergfex, Freedom, AppBox Pro, WhiteRisk",31,"Tracker","NA","NA"
"3","firebaseremoteconfig.googleapis.com",40,FALSE,FALSE,"1, 2","1",122,"AppInitiated","Google","Hitman, Jodel, FAZ, Solitaire, DER SPIEGEL, Brave, Ricardo, Traffic Escape, Coffee Golf, 20 Minuten, Tutti, Blick, Play SRF, SRF Player, Uber, Galaxus, Migros, Digitec, Post, Revolut, Perplexity, Zwift, Sony Headphones, Slopes, bergfex, Freedom, RTS",27,"NA","NA","NA"
"4","g.doubleclick.net",35,TRUE,TRUE,"1","1",543,"AppInitiated","Google","Hitman, Youtube, Jodel, FAZ, Solitaire, DER SPIEGEL, Ricardo, Traffic Escape, Coffee Golf, 20 Minuten, Trainline, Tutti, Twitter, BBCWorldService, Le Monde, Bumble, Instagram, Blick, Uber, Post, Search.ch, AppBox Pro",22,"NA","NA","NA"
"5","metrics.icloud.com",33,TRUE,TRUE,"2","1",63,"AppInitiated","Apple","Apple Photos, Apple Maps, Stanley Parable, Apple Reminders, Apple Shortcuts, Apple Books, Apple Wallet, WhatsApp, Microsoft Authenticator, Apple Notes, Phone App, Apple Mail, Apple Fitness, Windy, Signal, Apple Weather",16,"Tracker","NA","NA"
"6","pagead2.googlesyndication.com",19,TRUE,TRUE,"1","1",166,"AppInitiated","Google","Hitman, Youtube, FAZ, Solitaire, DER SPIEGEL, Ricardo, Traffic Escape, Coffee Golf, 20 Minuten, Tutti, Twitter, Blick, AliExpress, Post, Search.ch",15,"NA","NA","NA"
"7","ca.iadsdk.apple.com",16,TRUE,TRUE,"2","1",45,"AppInitiated","Apple","AoE Mobile, FAZ, Threads, Flo, Discord, Uber, Amazon Kindle, AliExpress, Alibaba, Slopes, Spotify",11,"NA","NA","NA"
"8","google.com",16,TRUE,TRUE,"2, 1","1",121,"AppInitiated","Google","Youtube, Google Maps, DER SPIEGEL, Brave, Firefox Klar, Firefox, Instagram, Tutti, Perplexity, Search.ch",10,"NA","Content","NA"
"9","app-measurement.com",15,TRUE,TRUE,"1","1",199,"AppInitiated","Google","AoE Mobile, Watson, Spotify, Twitter, BBCWorldService, Neon, Uber, Alibaba, AppBox Pro",9,"Tracker","NA","NA"
"10","cdn.cookielaw.org",15,TRUE,TRUE,"2","1",83,"AppInitiated","OneTrust","Jodel, Watson, Brave, Ricardo, 20 Minuten, Trainline, Tutti, Blick, Search.ch, Local.ch",10,"NA","NA","NA"
"11","googletagmanager.com",15,TRUE,TRUE,"1","1",56,"AppInitiated","Google","DER SPIEGEL, Brave, Ricardo, 20 Minuten, Tutti, Firefox, Instagram, Blick, Galaxus, Digitec, Search.ch, Local.ch",12,"Tracker","NA","NA"
"12","graph.facebook.com",15,TRUE,FALSE,"1","1",337,"AppInitiated","Meta","Facebook, Plague.Inc, Watson, Threads, Coffee Golf, Strava, Messenger, BBCWorldService, Instagram",9,"NA","NA","NA"
"13","gstatic.com",15,TRUE,TRUE,"2","1",142,"AppInitiated","Google","Youtube, FAZ, Solitaire, Brave, 20 Minuten, Twitter, Firefox, Blick, Google Maps, Uber, Alibaba, Search.ch",12,"NA","Content","NA"
"14","in.appcenter.ms",15,FALSE,FALSE,"1","1",60,"AppInitiated","Microsoft","FAZ, Microsoft Authenticator, Watson, 20 Minuten, SRF Player, OneDrive, Outlook",7,"NA","NA","NA"
"15","ingest.sentry.io",15,TRUE,FALSE,"1","1",194,"AppInitiated","Functional Software","DeepSeek, Bluesky, Jodel, Strava, Firefox, Discord, Ricardo, Working Bicycle, Firefox Klar",9,"Tracker","NA","NA"
"16","googleapis.com",12,TRUE,TRUE,"2","1",129,"AppInitiated","Google","Hitman, Youtube, Google Maps, Brave, Uber, Google Drive, Google Authenticator, Gmail",8,"NA","Content","NA"
"17","crashlyticsreports-pa.googleapis.com",11,TRUE,TRUE,"1","1",17,"AppInitiated","Google","Reddit, Tutti, Twitter, Ricardo, Yuh, Post, Perplexity, Revolut, Freedom, Komoot",10,"Tracker","NA","NA"
"18","region1.app-measurement.com",11,TRUE,FALSE,"1","1",416,"AppInitiated","Google","AoE Mobile, Spotify, Twitter, Uber, Alibaba, AppBox Pro",6,"NA","NA","NA"
"19","cdn.branch.io",10,TRUE,TRUE,"2","1",470,"AppInitiated","Branch","Jodel, Reddit, Spotify, Strava",4,"NA","NA","NA"
"20","stats.gc.apple.com",10,TRUE,FALSE,"2","1",87,"AppInitiated","Apple","Hitman, App Store, Plague.Inc, Stanley Parable, Super Mario Run, The Impossible Game, Getting Over It",7,"Tracker","NA","NA"
"21","cloud.unity3d.com",9,FALSE,FALSE,"1","1",67,"AppInitiated","Unity Inc.","Hitman, Traffic Escape, Coffee Golf, Getting Over It",4,"NA","NA","NA"
"22","tpc.googlesyndication.com",9,TRUE,TRUE,"2","1",31,"AppInitiated","Google","FAZ, Solitaire, DER SPIEGEL, 20 Minuten, Twitter, Blick, Post, Search.ch",8,"NA","NA","NA"
"23","acdn.adnxs.com",8,TRUE,TRUE,"2","1",45,"AppInitiated","Microsoft","DER SPIEGEL, Ricardo, Tutti, Blick, Search.ch",5,"NA","NA","NA"
"24","ads.vungle.com",8,TRUE,FALSE,"1","1",29,"AppInitiated","Vungle Inc.","Hitman, Jodel, Solitaire, Traffic Escape, Coffee Golf",5,"NA","NA","NA"
"25","facebook.com",8,TRUE,TRUE,"1","1",71,"AppInitiated","Meta","Facebook, DER SPIEGEL, Brave, Threads, 20 Minuten, Messenger, Firefox, Instagram",8,"NA","FingerprintingGeneral, Social","social"
"26","googleads.g.doubleclick.net",8,TRUE,TRUE,"1","1",17,"AppInitiated","Google","Tutti, Le Monde, Ricardo, Post, Coffee Golf, AppBox Pro",6,"NA","NA","advertising"
"27","xp.apple.com",8,TRUE,TRUE,"2","1",43,"AppInitiated","Apple","App Store, Apple Books, Apple Music",3,"NA","NA","NA"
"28","youtube.com",8,TRUE,TRUE,"2","1",422,"AppInitiated, NonAppInitiated","Google","Youtube, 20 Minuten, Signal, WhatsApp, Perplexity",5,"NA","Content","NA"
"29","ad.doubleclick.net",7,TRUE,TRUE,"2","1",121,"AppInitiated","Google","Youtube, Jodel, DER SPIEGEL, 20 Minuten, Instagram, Blick, Search.ch",7,"NA","NA","advertising"
"30","ade.googlesyndication.com",7,TRUE,TRUE,"2","1",125,"AppInitiated","Google","Youtube, DER SPIEGEL, Ricardo, 20 Minuten, Blick, Search.ch",6,"NA","NA","NA"
"31","ae.iads.unity3d.com",7,TRUE,TRUE,"2","1",19,"AppInitiated","Unity Software","Hitman, Solitaire, Traffic Escape, Coffee Golf",4,"NA","NA","NA"
"32","cdn-f.adsmoloco.com",7,TRUE,TRUE,"1","1",11,"AppInitiated","Moloco Inc.","Hitman, Traffic Escape, Coffee Golf, Twitter",4,"NA","NA","NA"
"33","cdn.iads.unity3d.com",7,TRUE,TRUE,"2","1",17,"AppInitiated","Unity Software","Hitman, Solitaire, Traffic Escape, Coffee Golf",4,"NA","NA","NA"
"34","cdn2.inner-active.mobi",7,TRUE,TRUE,"2","1",19,"AppInitiated","Other","Hitman, Solitaire, Traffic Escape, Coffee Golf",4,"NA","NA","NA"
"35","d.applovin.com",7,TRUE,TRUE,"2","1",14,"AppInitiated","Other","Hitman, Solitaire, Traffic Escape, Coffee Golf",4,"NA","NA","NA"
"36","i-sdk.mediation.unity3d.com",7,TRUE,TRUE,"2","1",16,"AppInitiated","Unity Software","Hitman, Solitaire, Traffic Escape, Coffee Golf",4,"NA","NA","NA"
"37","ib.adnxs.com",7,TRUE,TRUE,"1","1",32,"AppInitiated","Microsoft","FAZ, DER SPIEGEL, Ricardo, Blick, Search.ch",5,"NA","NA","NA"
"38","ms.applovin.com",7,TRUE,TRUE,"2","1",16,"AppInitiated","Other","Hitman, Solitaire, Traffic Escape, Coffee Golf",4,"NA","NA","NA"
"39","o-sdk.mediation.unity3d.com",7,TRUE,TRUE,"2","1",30,"AppInitiated","Unity Software","Hitman, Solitaire, Traffic Escape, Coffee Golf",4,"NA","NA","NA"
"40","rt.applovin.com",7,TRUE,TRUE,"2","1",18,"AppInitiated","Other","Hitman, Solitaire, Traffic Escape, Coffee Golf",4,"NA","NA","NA"
"41","sdk-events.inner-active.mobi",7,TRUE,TRUE,"1","1",15,"AppInitiated","Digital Turbine","Hitman, Solitaire, Traffic Escape, Coffee Golf",4,"NA","NA","NA"
"42","unityads.unity3d.com",7,TRUE,TRUE,"1","1",19,"AppInitiated","Unity Inc.","Hitman, Solitaire, Traffic Escape, Coffee Golf",4,"Advertising","NA","NA"
"43","accounts.google.com",6,TRUE,TRUE,"2","1",70,"AppInitiated","Google","Google Maps, 20 Minuten, Gmail",3,"NA","NA","NA"
"44","amazon.de",6,TRUE,TRUE,"2","1",16,"AppInitiated","Amazon","Amazon Kindle",1,"NA","Advertising","advertising"
"45","api.kochava.com",6,TRUE,TRUE,"1","1",8,"AppInitiated","Kochava","Audible, Amazon Kindle",2,"NA","NA","NA"
"46","google-analytics.com",6,TRUE,TRUE,"1","1",18,"AppInitiated","Google","Brave, Ricardo, Traffic Escape, Firefox, Instagram",5,"Tracker","Email, Analytics, FingerprintingGeneral","privacy"
"47","googletagservices.com",6,TRUE,TRUE,"2","1",19,"AppInitiated","Google","FAZ, Solitaire, 20 Minuten, Blick, Post, Search.ch",6,"Tracker","Advertising, FingerprintingGeneral","advertising"
"48","m.media-amazon.com",6,TRUE,TRUE,"2","1",15,"AppInitiated","Amazon","Amazon Echo, Amazon Kindle, Audible",3,"NA","NA","NA"
"49","ms4.applovin.com",6,TRUE,TRUE,"1","1",13,"AppInitiated","AppLovin Corp.","Solitaire, Traffic Escape, Coffee Golf",3,"NA","NA","NA"
"50","prod-mediate-events.applovin.com",6,TRUE,FALSE,"2","1",13,"AppInitiated","AppLovin Corp.","Solitaire, Traffic Escape, Coffee Golf",3,"NA","NA","NA"
"51","self.events.data.microsoft.com",6,TRUE,FALSE,"2","1",29,"AppInitiated","Microsoft","AoE Mobile, Microsoft Authenticator, Outlook",3,"NA","NA","NA"
"52","a.teads.tv",5,TRUE,TRUE,"2","1",23,"AppInitiated","Other","DER SPIEGEL, 20 Minuten, Blick, Search.ch",4,"NA","NA","NA"
"53","assets.adobedtm.com",5,TRUE,TRUE,"2","1",11,"AppInitiated","Adobe","FAZ, Audible, DER SPIEGEL",3,"NA","NA","NA"
"54","csi.gstatic.com",5,TRUE,TRUE,"2","1",11,"AppInitiated","Google","20 Minuten, Twitter, Blick, Ricardo, Search.ch",5,"NA","NA","NA"
"55","dpm.demdex.net",5,TRUE,TRUE,"1","1",5,"AppInitiated","Adobe","FAZ, Audible, DER SPIEGEL",3,"NA","NA","NA"
"56","events.mapbox.com",5,TRUE,TRUE,"2","1",168,"AppInitiated","Other","Strava, Slopes",2,"Tracker","NA","NA"
"57","fundingchoicesmessages.google.com",5,TRUE,TRUE,"2","1",11,"AppInitiated","Google","Traffic Escape, Coffee Golf",2,"NA","NA","NA"
"58","google.ch",5,TRUE,TRUE,"2","1",14,"AppInitiated","Google","DER SPIEGEL, Firefox, Instagram, Search.ch",4,"NA","Content","NA"
"59","googleadservices.com",5,TRUE,TRUE,"1","1",28,"AppInitiated","Google","Youtube, DER SPIEGEL, Firefox, Alibaba, Google Maps",5,"Advertising","Advertising, FingerprintingGeneral","advertising"
"60","linkedin.com",5,TRUE,TRUE,"2, 1","1",17,"AppInitiated, NonAppInitiated","Microsoft","LinkedIn, Apple Mail",2,"NA","Social","social"
"61","sc.omtrdc.net",5,TRUE,TRUE,"1","1",11,"AppInitiated","Adobe","FAZ, Audible, DER SPIEGEL",3,"NA","NA","NA"
"62","scontent-zrh1-1.cdninstagram.com",5,TRUE,FALSE,"2","1",20,"AppInitiated","Meta","Threads, 20 Minuten, Signal, Instagram",4,"NA","NA","NA"
"63","sts.applovin.com",5,TRUE,TRUE,"2","1",9,"AppInitiated","Other","Traffic Escape, Coffee Golf",2,"NA","NA","NA"
"64","api-adservices.apple.com",4,TRUE,FALSE,"2","1",14,"AppInitiated","Apple","AoE Mobile, Alibaba, Slopes, Spotify",4,"NA","NA","NA"
"65","api.adnz.co",4,TRUE,TRUE,"2","1",10,"AppInitiated","Other","DER SPIEGEL, Blick, Search.ch",3,"NA","NA","NA"
"66","api.snapkit.com",4,TRUE,FALSE,"2","1",24,"AppInitiated","Other","Jodel, TikTok, eBay",3,"NA","NA","NA"
"67","cdn-lb.vungle.com",4,TRUE,TRUE,"2","1",4,"AppInitiated","Other","Hitman, Solitaire, Traffic Escape, Coffee Golf",4,"NA","NA","NA"
"68","cdn.confiant-integrations.net",4,TRUE,TRUE,"2","1",9,"AppInitiated","Other","Firefox, Blick, Search.ch",3,"NA","NA","NA"
"69","cdn.jsdelivr.net",4,TRUE,TRUE,"2","1",5,"AppInitiated","Other","DER SPIEGEL, 20 Minuten, Search.ch",3,"NA","Content","NA"
"70","cdnjs.cloudflare.com",4,TRUE,TRUE,"2","1",4,"AppInitiated","Other","Instagram, Blick, Local.ch, Search.ch",4,"NA","NA","NA"
"71","collect.commander1.com",4,TRUE,FALSE,"2","1",80,"AppInitiated","Other","SRF Player, RTS",2,"NA","NA","NA"
"72","combine.urbanairship.com",4,TRUE,TRUE,"1","1",55,"AppInitiated","United Airship Inc.","SRF Player, RTS",2,"NA","NA","NA"
"73","data.eu.pendo.io",4,TRUE,FALSE,"2","1",28,"AppInitiated","Other","Yuh",1,"NA","NA","NA"
"74","device-api.urbanairship.com",4,TRUE,TRUE,"1","1",12,"AppInitiated","United Airship Inc.","SRF Player, RTS",2,"NA","NA","NA"
"75","dit.whatsapp.net",4,TRUE,FALSE,"2","1",63,"AppInitiated","Meta","WhatsApp",1,"NA","NA","NA"
"76","g.whatsapp.net",4,TRUE,FALSE,"2","1",1385,"AppInitiated","Meta","WhatsApp",1,"NA","NA","NA"
"77","gnar.grammarly.com",4,TRUE,TRUE,"2","1",64,"AppInitiated","Other","Grammarly",1,"NA","NA","NA"
"78","growth-pa.googleapis.com",4,TRUE,FALSE,"2","1",25,"AppInitiated","Google","Google Maps, Google Drive",2,"Advertising","NA","NA"
"79","ib.adnxs-simple.com",4,TRUE,TRUE,"2","1",51,"AppInitiated","Microsoft","20 Minuten, Tutti, Ricardo",3,"NA","NA","NA"
"80","id5-sync.com",4,TRUE,TRUE,"2, 1","1",13,"AppInitiated","Other, ID5 Technology","DER SPIEGEL, Firefox, Search.ch",3,"Advertising","Advertising","NA"
"81","ih.adscale.de",4,TRUE,TRUE,"2","1",6,"AppInitiated","Other","Instagram, Ricardo, Search.ch",3,"NA","NA","NA"
"82","img.applovin.com",4,TRUE,TRUE,"2","1",5,"AppInitiated","Other","Solitaire, Traffic Escape, Coffee Golf",3,"NA","NA","NA"
"83","instagram.com",4,TRUE,TRUE,"2","1",7,"AppInitiated","Meta","20 Minuten, Signal, Instagram",3,"NA","Content","NA"
"84","mobile.events.data.microsoft.com",4,TRUE,FALSE,"2","1",42,"AppInitiated","Microsoft","Microsoft Authenticator",1,"NA","NA","NA"
"85","o352714.ingest.sentry.io",4,FALSE,FALSE,"1","1",28,"AppInitiated","Functional Software","Strava",1,"NA","NA","NA"
"86","pbs.twimg.com",4,TRUE,FALSE,"2","1",24,"AppInitiated","Other","DER SPIEGEL, Brave, 20 Minuten, Twitter",4,"NA","NA","NA"
"87","pdst.fm",4,TRUE,TRUE,"2","1",54,"AppInitiated","Other","Spotify",1,"NA","Analytics","NA"
"88","ping.chartbeat.net",4,TRUE,TRUE,"2","1",53,"AppInitiated","Other","Play SRF, RTS",2,"NA","NA","NA"
"89","region1.google-analytics.com",4,TRUE,TRUE,"1","1",15,"AppInitiated","Google","Ricardo, Instagram, Local.ch",3,"NA","NA","NA"
"90","remote-data.urbanairship.com",4,TRUE,TRUE,"2","1",43,"AppInitiated","Other","SRF Player, RTS",2,"NA","NA","NA"
"91","res1.applovin.com",4,TRUE,TRUE,"2","1",6,"AppInitiated","Other","Solitaire, Traffic Escape, Coffee Golf",3,"NA","NA","NA"
"92","rules.aatkit.com",4,TRUE,TRUE,"1","1",42,"AppInitiated","AddApptr","Ricardo, Tutti",2,"NA","NA","NA"
"93","rules2.aatkit.com",4,TRUE,TRUE,"2","1",42,"AppInitiated","Other","Ricardo, Tutti",2,"NA","NA","NA"
"94","rules3.aatkit.com",4,TRUE,TRUE,"1","1",39,"AppInitiated","AddApptr","Ricardo, Tutti",2,"NA","NA","NA"
"95","skadnetworks.fyber.com",4,TRUE,FALSE,"2","1",5,"AppInitiated","Other","Hitman, Solitaire, Traffic Escape, Coffee Golf",4,"NA","NA","NA"
"96","static.whatsapp.net",4,TRUE,FALSE,"2","1",37,"AppInitiated","Meta","WhatsApp",1,"NA","NA","NA"
"97","static.xx.fbcdn.net",4,TRUE,FALSE,"2, 1","1",4,"AppInitiated, NonAppInitiated","Meta","20 Minuten, Strava, Apple Mail",3,"NA","NA","NA"
"98","t.teads.tv",4,TRUE,TRUE,"2","1",48,"AppInitiated","Other","Ricardo, 20 Minuten, Blick",3,"NA","NA","NA"
"99","tracking.aatkit.com",4,TRUE,TRUE,"1","1",80,"AppInitiated","AddApptr","Ricardo, Tutti",2,"NA","NA","NA"
"100","acs.m.taobao.com",3,TRUE,TRUE,"2","1",6,"AppInitiated","Other","AliExpress, Alibaba",2,"NA","NA","NA"
"101","ad.yieldlab.net",3,TRUE,TRUE,"2","1",9,"AppInitiated","Other","DER SPIEGEL, Blick, Ricardo",3,"NA","NA","NA"
"102","ads.stickyadstv.com",3,TRUE,TRUE,"2","1",3,"AppInitiated","Other","DER SPIEGEL, Ricardo, Blick",3,"NA","NA","NA"
"103","adx.adform.net",3,TRUE,TRUE,"2","1",11,"AppInitiated","Other","DER SPIEGEL, Search.ch",2,"NA","NA","NA"
"104","amazon.com",3,TRUE,TRUE,"2","1",5,"AppInitiated","Amazon","Amazon Kindle",1,"NA","Content","NA"
"105","amplify.outbrain.com",3,TRUE,TRUE,"2","1",19,"AppInitiated","Other","DER SPIEGEL, Ricardo",2,"NA","NA","NA"
"106","api-sdk.datadome.co",3,TRUE,TRUE,"1","1",6,"AppInitiated","DataDome","Trainline",1,"NA","NA","NA"
"107","api.leanplum.com",3,TRUE,TRUE,"1","1",5,"AppInitiated","CleverTap","Trainline",1,"NA","NA","NA"
"108","api.onesignal.com",3,TRUE,FALSE,"1","1",24,"AppInitiated","OneSignal","Watson, NFL, Blick",3,"NA","NA","NA"
"109","api.revenuecat.com",3,FALSE,FALSE,"1","1",27,"AppInitiated","RevenueCat","Jodel, Delta Emulator, Perplexity",3,"NA","NA","NA"
"110","bat.bing.com",3,TRUE,TRUE,"1","1",21,"AppInitiated","Microsoft","DER SPIEGEL, Ricardo",2,"Tracker","Advertising","NA"
"111","books-analytics-events.apple.com",3,TRUE,FALSE,"2","1",7,"AppInitiated","Apple","Apple Books",1,"Tracker","NA","NA"
"112","c.amazon-adsystem.com",3,TRUE,TRUE,"2","1",10,"AppInitiated","Amazon","Solitaire, DER SPIEGEL, Traffic Escape",3,"NA","NA","NA"
"113","cdn.doubleverify.com",3,TRUE,TRUE,"2","1",6,"AppInitiated","DoubleVerify Holdings Inc.","20 Minuten, Blick, Search.ch",3,"NA","NA","NA"
"114","cmp.lemonde.fr",3,TRUE,TRUE,"2","1",14,"AppInitiated","Other","Le Monde",1,"NA","NA","NA"
"115","control.kochava.com",3,TRUE,TRUE,"1","1",13,"AppInitiated","Kochava","Amazon Kindle",1,"NA","NA","NA"
"116","ct.pinterest.com",3,TRUE,TRUE,"2","1",15,"AppInitiated","Other","Ricardo, Instagram",2,"Tracker","NA","NA"
"117","d3nn82uaxijpm6.cloudfront.net",3,TRUE,TRUE,"2","1",4,"AppInitiated","Other","Strava",1,"NA","NA","NA"
"118","dsum-sec.casalemedia.com",3,TRUE,TRUE,"1","1",3,"AppInitiated","Index Exchange","Instagram, Blick, Ricardo",3,"NA","NA","NA"
"119","dt.adsafeprotected.com",3,TRUE,TRUE,"2","1",7,"AppInitiated","Other","DER SPIEGEL, 20 Minuten, Tutti",3,"NA","NA","NA"
"120","engine.adzerk.net",3,TRUE,TRUE,"2","1",5,"AppInitiated","Other","Strava",1,"NA","NA","NA"
"121","eu-mobile.events.data.microsoft.com",3,TRUE,TRUE,"2","1",6,"AppInitiated","Microsoft","Outlook",1,"NA","NA","NA"
"122","events.ocdn.eu",3,TRUE,TRUE,"2","1",11,"AppInitiated","Other","Blick, Search.ch",2,"NA","NA","NA"
"123","fls-na.amazon.com",3,TRUE,TRUE,"2","1",5,"AppInitiated","Amazon","Amazon Kindle",1,"NA","NA","NA"
"124","fra-01.braze.eu",3,TRUE,TRUE,"1","1",5,"AppInitiated","Braze Inc.","Trainline",1,"NA","NA","NA"
"125","gcdn.2mdn.net",3,TRUE,TRUE,"2","1",7,"AppInitiated","Other","20 Minuten, Blick, Search.ch",3,"NA","NA","NA"
"126","grid-bidder.criteo.com",3,TRUE,TRUE,"2","1",11,"AppInitiated","Other","DER SPIEGEL, Search.ch",2,"NA","NA","NA"
"127","gum.criteo.com",3,TRUE,TRUE,"1","1",10,"AppInitiated","Criteo SA","DER SPIEGEL, Search.ch",2,"NA","NA","NA"
"128","imasdk.googleapis.com",3,TRUE,TRUE,"2","1",8,"AppInitiated","Google","20 Minuten, Twitter, Search.ch",3,"NA","NA","advertising"
"129","incoming.telemetry.mozilla.org",3,TRUE,TRUE,"2","1",17,"AppInitiated","Mozilla Firefox","Firefox, Firefox Klar",2,"Tracker","NA","NA"
"130","lb.eu-1-id5-sync.com",3,TRUE,TRUE,"2","1",10,"AppInitiated","Other","DER SPIEGEL, Search.ch",2,"NA","NA","NA"
"131","mz.unity3d.com",3,FALSE,FALSE,"1","1",9,"AppInitiated","Unity Inc.","Hitman, Solitaire, Coffee Golf",3,"NA","NA","NA"
"132","pixel.adsafeprotected.com",3,TRUE,TRUE,"2","1",9,"AppInitiated","Other","DER SPIEGEL, Tutti, Search.ch",3,"NA","NA","advertising"
"133","platform.twitter.com",3,TRUE,TRUE,"2","1",10,"AppInitiated","Twitter Inc.","DER SPIEGEL, 20 Minuten, Le Monde",3,"NA","NA","NA"
"134","pps.whatsapp.net",3,TRUE,FALSE,"2","1",14,"AppInitiated","Meta","WhatsApp",1,"NA","NA","NA"
"135","preview.redd.it",3,TRUE,FALSE,"2","1",46,"AppInitiated","Other","Brave, Reddit, Perplexity",3,"NA","NA","NA"
"136","pubads.g.doubleclick.net",3,TRUE,TRUE,"1","1",4,"AppInitiated","Google","Tutti, Post",2,"NA","NA","advertising"
"137","region1.analytics.google.com",3,TRUE,FALSE,"2","1",8,"AppInitiated","Google","Instagram, Search.ch",2,"NA","NA","NA"
"138","reporting.aatkit.com",3,TRUE,TRUE,"2","1",24,"AppInitiated","Other","Tutti, Ricardo",2,"NA","NA","NA"
"139","s0.2mdn.net",3,TRUE,TRUE,"2","1",20,"AppInitiated","Other","DER SPIEGEL, 20 Minuten, Blick",3,"NA","NA","NA"
"140","scontent.xx.fbcdn.net",3,TRUE,FALSE,"2","1",21,"AppInitiated","Meta","Facebook, 20 Minuten, Messenger",3,"NA","NA","NA"
"141","sdk.out.usbla.net",3,TRUE,TRUE,"2","1",5,"AppInitiated","Other","Trainline",1,"NA","NA","NA"
"142","srf.ch",3,TRUE,TRUE,"2","1",8,"AppInitiated","Other","Firefox Klar, Play SRF, SRF Player",3,"NA","NA","NA"
"143","static.adsafeprotected.com",3,TRUE,TRUE,"2","1",3,"AppInitiated","Other","DER SPIEGEL, 20 Minuten, Tutti",3,"NA","NA","NA"
"144","static.cloudflareinsights.com",3,TRUE,TRUE,"2","1",6,"AppInitiated","Other","Ricardo, Instagram",2,"Tracker","NA","NA"
"145","syndication.twitter.com",3,TRUE,FALSE,"2","1",11,"AppInitiated","Twitter Inc.","DER SPIEGEL, 20 Minuten, Le Monde",3,"NA","NA","NA"
"146","t.co",3,TRUE,TRUE,"1","1",6,"AppInitiated","Twitter Inc.","20 Minuten, Twitter, Firefox",3,"NA","Advertising","NA"
"147","tps.doubleverify.com",3,TRUE,TRUE,"2","1",8,"AppInitiated","DoubleVerify Holdings Inc.","20 Minuten, Blick, Search.ch",3,"NA","NA","NA"
"148","tr.iadsdk.apple.com",3,TRUE,TRUE,"2","1",16,"AppInitiated","Apple","App Store",1,"NA","NA","NA"
"149","twitter.com",3,TRUE,TRUE,"2, 1","1",3,"AppInitiated","Twitter Inc.","20 Minuten, Twitter, Firefox",3,"NA","Social","social"
"150","unagi-na.amazon.com",3,TRUE,FALSE,"2","1",21,"AppInitiated","Amazon","Amazon Kindle",1,"Tracker","NA","NA"
"151","unagi.amazon.com",3,TRUE,FALSE,"2","1",5,"AppInitiated","Amazon","Amazon Kindle",1,"NA","NA","NA"
"152","w.usabilla.com",3,TRUE,TRUE,"2","1",5,"AppInitiated","Other","Trainline",1,"NA","NA","NA"
"153","watson.ch",3,TRUE,FALSE,"2","1",5,"AppInitiated, NonAppInitiated","Other","Watson, Signal, WhatsApp",3,"NA","NA","NA"
"154","ws.batch.com",3,TRUE,TRUE,"2","1",48,"AppInitiated","Other","Le Monde",1,"NA","NA","NA"
"155","wv.inner-active.mobi",3,TRUE,TRUE,"1","1",5,"AppInitiated","Digital Turbine","Solitaire, Coffee Golf",2,"NA","NA","NA"
"156","20min.ch",2,TRUE,TRUE,"2","1",46,"AppInitiated","TX Group AG","20 Minuten",1,"NA","NA","NA"
"157","aax-eu.amazon-adsystem.com",2,TRUE,TRUE,"1","1",9,"AppInitiated","Amazon","Solitaire, DER SPIEGEL",2,"NA","NA","NA"
"158","aax.amazon-adsystem.com",2,TRUE,TRUE,"1","1",9,"AppInitiated","Amazon","Solitaire, DER SPIEGEL",2,"NA","NA","NA"
"159","abs.twimg.com",2,TRUE,FALSE,"2","1",3,"AppInitiated","Other","20 Minuten, Twitter",2,"NA","NA","NA"
"160","adashx4ae.ut.taobao.com",2,TRUE,TRUE,"2","1",21,"AppInitiated","Other","AliExpress",1,"Advertising","NA","NA"
"161","adnz.co",2,TRUE,TRUE,"2","1",3,"AppInitiated","Other","DER SPIEGEL, Blick",2,"NA","NA","NA"
"162","ads.yieldmo.com",2,TRUE,TRUE,"1","1",2,"AppInitiated","YieldMo Inc.","Ricardo, Blick",2,"NA","NA","NA"
"163","adservice.google.com",2,TRUE,TRUE,"2","1",10,"AppInitiated","Google","Jodel, Instagram",2,"Advertising","Advertising, FingerprintingGeneral","NA"
"164","aeis.alicdn.com",2,TRUE,TRUE,"2","1",4,"AppInitiated","Alibaba Group","AliExpress, Alibaba",2,"NA","FingerprintingInvasive","NA"
"165","aliexpress.com",2,TRUE,TRUE,"2","1",3,"AppInitiated","Alibaba Group","Brave, AliExpress",2,"NA","NA","NA"
"166","ams.creativecdn.com",2,TRUE,FALSE,"2","1",13,"AppInitiated","Other","Ricardo",1,"NA","NA","NA"
"167","ams3-ib.adnxs.com",2,TRUE,FALSE,"2","1",3,"AppInitiated","Microsoft","DER SPIEGEL, Blick",2,"NA","NA","NA"
"168","analytics.tiktok.com",2,TRUE,TRUE,"1, 2","1",8,"AppInitiated","ByteDance Ltd.","DER SPIEGEL, Firefox",2,"Tracker","NA","NA"
"169","ap.lijit.com",2,TRUE,TRUE,"2","1",7,"AppInitiated","Other","DER SPIEGEL, Blick",2,"NA","NA","NA"
"170","api.twitter.com",2,TRUE,FALSE,"2","1",16,"AppInitiated","Twitter Inc.","20 Minuten, Twitter",2,"NA","NA","NA"
"171","api16-access-sg.pangle.io",2,TRUE,TRUE,"2","1",24,"AppInitiated","Other","Jodel, Traffic Escape",2,"NA","NA","NA"
"172","api2.amplitude.com",2,TRUE,TRUE,"1","1",15,"AppInitiated","Amplitude","bergfex",1,"NA","NA","NA"
"173","assets.alicdn.com",2,TRUE,TRUE,"2","1",9,"AppInitiated","Alibaba Group","AliExpress, Alibaba",2,"NA","FingerprintingInvasive","NA"
"174","at.teads.tv",2,TRUE,FALSE,"2","1",4,"AppInitiated","Other","Search.ch",1,"NA","NA","NA"
"175","browser-intake-datadoghq.eu",2,TRUE,TRUE,"2","1",2,"AppInitiated","Other","Galaxus, Digitec",2,"Tracker","NA","NA"
"176","browser.sentry-cdn.com",2,TRUE,FALSE,"2","1",2,"AppInitiated","Other","Brave, Firefox",2,"NA","NA","NA"
"177","c2.piano.io",2,TRUE,TRUE,"2","1",6,"AppInitiated","Other","Brave, Blick",2,"NA","NA","NA"
"178","cdn-a.yieldlove.com",2,TRUE,TRUE,"2","1",3,"AppInitiated","Other","Search.ch",1,"NA","NA","NA"
"179","cdn-settings.appsflyersdk.com",2,TRUE,TRUE,"2","1",7,"AppInitiated","AppsFlyer","Ricardo",1,"NA","NA","NA"
"180","cdn.adnxs.com",2,TRUE,TRUE,"2","1",2,"AppInitiated","Microsoft","DER SPIEGEL, Blick",2,"NA","NA","NA"
"181","cdn.forter.com",2,TRUE,FALSE,"1","1",6,"AppInitiated","Forter Inc.","eBay",1,"NA","NA","NA"
"182","cdn.mcauto-images-production.sendgrid.net",2,TRUE,FALSE,"1","1",2,"NonAppInitiated","Other","Apple Mail",1,"NA","NA","NA"
"183","cdn.scarabresearch.com",2,TRUE,TRUE,"2","1",12,"AppInitiated","Other","Ricardo",1,"NA","NA","NA"
"184","cdn.syndication.twimg.com",2,TRUE,FALSE,"2","1",9,"AppInitiated","Other","DER SPIEGEL, 20 Minuten",2,"NA","NA","NA"
"185","cdn.teads.tv",2,TRUE,TRUE,"2","1",20,"AppInitiated","Other","20 Minuten, Blick",2,"NA","NA","NA"
"186","cdn4.forter.com",2,TRUE,TRUE,"1","1",6,"AppInitiated","Forter Inc.","eBay",1,"NA","FingerprintingGeneral","NA"
"187","clarity.ms",2,TRUE,TRUE,"2","1",8,"AppInitiated","Other","Freedom",1,"Tracker","Analytics","NA"
"188","cm.teads.tv",2,TRUE,FALSE,"2","1",14,"AppInitiated","Other","Ricardo",1,"NA","NA","NA"
"189","collector.lunalabs.io",2,FALSE,FALSE,"1","1",2,"AppInitiated","Unity Inc., Other","Solitaire, Traffic Escape",2,"NA","NA","NA"
"190","config.inmobi.com",2,TRUE,TRUE,"1","1",6,"AppInitiated","InMobi Pte","Jodel, Traffic Escape",2,"NA","NA","NA"
"191","csr.onet.pl",2,TRUE,TRUE,"2","1",4,"AppInitiated","Other","Search.ch",1,"NA","NA","NA"
"192","data.adobedc.net",2,TRUE,FALSE,"1","1",8,"AppInitiated","Adobe","FAZ, DER SPIEGEL",2,"NA","NA","NA"
"193","doubleclick.net",2,TRUE,TRUE,"1","1",3,"AppInitiated","Google","Brave, Firefox",2,"Advertising","Email, Advertising, FingerprintingGeneral","advertising"
"194","e16.whatsapp.net",2,TRUE,FALSE,"2","1",2,"AppInitiated","Meta","WhatsApp",1,"NA","NA","NA"
"195","eb2.3lift.com",2,TRUE,TRUE,"1","1",2,"AppInitiated","TripleLift","Blick, Ricardo",2,"NA","NA","NA"
"196","eservice.emarsys.net",2,FALSE,FALSE,"1","1",45,"AppInitiated","SAP SE","Ricardo",1,"NA","NA","NA"
"197","facebook.net",2,TRUE,TRUE,"1","1",2,"AppInitiated","Meta","Brave, Firefox",2,"NA","FingerprintingGeneral, Social","social"
"198","faq.whatsapp.com",2,TRUE,FALSE,"2","1",22,"AppInitiated","Meta","WhatsApp",1,"NA","NA","NA"
"199","fast.appcues.com",2,TRUE,FALSE,"2","1",12,"AppInitiated","Other","Ricardo",1,"NA","NA","NA"
"200","fourier.taobao.com",2,TRUE,TRUE,"2","1",2,"AppInitiated","Other","AliExpress, Alibaba",2,"Tracker","NA","NA"
"201","g.alicdn.com",2,TRUE,TRUE,"2","1",2,"AppInitiated","Alibaba Group","AliExpress, Alibaba",2,"NA","FingerprintingInvasive","NA"
"202","geolocation.onetrust.com",2,TRUE,TRUE,"2","1",3,"AppInitiated","Other","Brave, Local.ch",2,"NA","NA","NA"
"203","get.geojs.io",2,TRUE,FALSE,"2","1",4,"AppInitiated","Other","Search.ch",1,"NA","NA","NA"
"204","gj.mmstat.com",2,TRUE,TRUE,"2","1",2,"AppInitiated","Other","AliExpress, Alibaba",2,"NA","NA","NA"
"205","h-adashx4ae.ut.taobao.com",2,TRUE,TRUE,"2","1",33,"AppInitiated","Other","AliExpress",1,"NA","NA","NA"
"206","hb.adscale.de",2,TRUE,TRUE,"2","1",4,"AppInitiated","Other","Search.ch",1,"NA","NA","NA"
"207","hcaptcha.com",2,TRUE,TRUE,"2","1",2,"AppInitiated","Other","Discord, Ricardo",2,"NA","FingerprintingInvasive, Anti-fraud","NA"
"208","htlb.casalemedia.com",2,TRUE,TRUE,"2, 1","1",8,"AppInitiated","Other","DER SPIEGEL, Firefox",2,"NA","NA","NA"
"209","i.instagram.com",2,TRUE,FALSE,"2","1",26,"AppInitiated","Meta","Threads, Instagram",2,"NA","NA","NA"
"210","i.redd.it",2,TRUE,FALSE,"2","1",24,"AppInitiated","Other","Brave, Reddit",2,"NA","NA","NA"
"211","iad-06.braze.com",2,TRUE,TRUE,"1","1",8,"AppInitiated","Braze Inc.","Freedom",1,"NA","NA","NA"
"212","images-na.ssl-images-amazon.com",2,TRUE,TRUE,"2","1",2,"AppInitiated","Amazon","Amazon Kindle",1,"NA","Analytics","NA"
"213","images.outbrainimg.com",2,TRUE,TRUE,"2","1",3,"AppInitiated","Other","DER SPIEGEL, Le Monde",2,"NA","NA","NA"
"214","imagesrv.adition.com",2,TRUE,TRUE,"2","1",4,"AppInitiated","Other","DER SPIEGEL, Instagram",2,"NA","NA","NA"
"215","impression.appsflyer.com",2,TRUE,TRUE,"1","1",4,"AppInitiated","AppsFlyer","Reddit, Traffic Escape",2,"NA","NA","NA"
"216","js.adscale.de",2,TRUE,TRUE,"2","1",3,"AppInitiated","Other","Search.ch",1,"NA","NA","NA"
"217","lookaside.facebook.com",2,TRUE,FALSE,"2","1",6,"AppInitiated","Meta","Facebook, Messenger",2,"NA","NA","NA"
"218","m.facebook.com",2,TRUE,TRUE,"2","1",4,"AppInitiated","Meta","Facebook, 20 Minuten",2,"NA","NA","NA"
"219","m.stripe.com",2,TRUE,TRUE,"2","1",2,"AppInitiated","Other","Firefox, Ricardo",2,"NA","NA","NA"
"220","match.adsrvr.org",2,TRUE,TRUE,"1","1",3,"AppInitiated","Trade Desk Inc.","DER SPIEGEL, Blick",2,"NA","NA","NA"
"221","mcdp-chidc2.outbrain.com",2,TRUE,TRUE,"2","1",3,"AppInitiated","Other","DER SPIEGEL, Le Monde",2,"NA","NA","NA"
"222","media.licdn.com",2,TRUE,FALSE,"2","1",6,"AppInitiated, NonAppInitiated","Other","LinkedIn, Apple Mail",2,"NA","NA","NA"
"223","mobile.adsafeprotected.com",2,TRUE,TRUE,"2","1",2,"AppInitiated","Other","20 Minuten, Tutti",2,"NA","NA","NA"
"224","mv.outbrain.com",2,TRUE,TRUE,"2","1",3,"AppInitiated","Other","DER SPIEGEL, Le Monde",2,"NA","NA","NA"
"225","p.teads.tv",2,TRUE,TRUE,"2","1",13,"AppInitiated","Other","Ricardo",1,"NA","NA","NA"
"226","pangolin16.isnssdk.com",2,TRUE,TRUE,"2","1",4,"AppInitiated","Other","Jodel, Traffic Escape",2,"NA","NA","NA"
"227","pixel.rubiconproject.com",2,TRUE,TRUE,"1","1",2,"AppInitiated","Magnite Inc.","DER SPIEGEL, Ricardo",2,"NA","NA","NA"
"228","play.google.com",2,TRUE,FALSE,"2","1",2,"AppInitiated","Google","Signal",1,"NA","NA","NA"
"229","pornhub.com",2,TRUE,FALSE,"2","1",2,"AppInitiated","Other","Brave",1,"NA","NA","NA"
"230","prod-ingestion.tracking.v2.yieldlove-ad-serving.net",2,TRUE,TRUE,"2","1",5,"AppInitiated","Other","Search.ch",1,"NA","NA","NA"
"231","protected-by.clarium.io",2,TRUE,FALSE,"2","1",4,"AppInitiated","Other","Firefox, Search.ch",2,"NA","NA","NA"
"232","r.teads.tv",2,TRUE,TRUE,"2","1",33,"AppInitiated","Other","20 Minuten, Blick",2,"NA","NA","NA"
"233","recaptcha.net",2,TRUE,TRUE,"1, 2","1",22,"AppInitiated","Google, Other","Reddit, Firefox",2,"NA","Content, Anti-fraud","NA"
"234","recommender.scarabresearch.com",2,TRUE,TRUE,"2","1",12,"AppInitiated","Other","Ricardo",1,"NA","NA","NA"
"235","reddit.com",2,TRUE,TRUE,"2, 1","1",27,"AppInitiated","Reddit","Reddit, Firefox",2,"NA","Social","social"
"236","redditstatic.com",2,TRUE,TRUE,"2, 1","1",16,"AppInitiated","Reddit","Reddit, Firefox",2,"NA","Advertising","NA"
"237","ricardo.ch",2,TRUE,TRUE,"2","1",17,"AppInitiated","SMG AG","Ricardo",1,"NA","NA","NA"
"238","rtb-csync.smartadserver.com",2,TRUE,TRUE,"2","1",2,"AppInitiated","Other","Instagram, Blick",2,"NA","NA","NA"
"239","s.pinimg.com",2,TRUE,TRUE,"2","1",11,"AppInitiated","Other","Ricardo",1,"NA","NA","NA"
"240","s8t.teads.tv",2,TRUE,TRUE,"2","1",12,"AppInitiated","Other","20 Minuten, Blick",2,"NA","NA","NA"
"241","sc-static.net",2,TRUE,TRUE,"2","1",12,"AppInitiated","Other","Ricardo",1,"Advertising","Advertising","NA"
"242","sdk-assets.teads.tv",2,TRUE,FALSE,"2","1",51,"AppInitiated","Other","20 Minuten, Blick",2,"NA","NA","NA"
"243","search.ch",2,TRUE,TRUE,"2","1",7,"AppInitiated","Other","Search.ch",1,"NA","NA","NA"
"244","secure.adnxs.com",2,TRUE,TRUE,"2","1",7,"AppInitiated","Microsoft","DER SPIEGEL, Instagram",2,"NA","NA","NA"
"245","ssdk-sg.pangle.io",2,FALSE,FALSE,"1","1",12,"AppInitiated","ByteDance Ltd.","Jodel, Traffic Escape",2,"NA","NA","NA"
"246","ssl.google-analytics.com",2,TRUE,TRUE,"1","1",12,"AppInitiated","Google","BBCWorldService, Blick",2,"NA","NA","NA"
"247","static.ads-twitter.com",2,TRUE,TRUE,"2","1",8,"AppInitiated","Twitter Inc.","DER SPIEGEL, Firefox",2,"NA","NA","NA"
"248","static.scarabresearch.com",2,TRUE,FALSE,"2","1",8,"AppInitiated","Other","Ricardo",1,"NA","NA","NA"
"249","stocks-analytics-events.apple.com",2,TRUE,TRUE,"2","1",11,"AppInitiated","Apple","Apple Stocks",1,"Tracker","NA","NA"
"250","sync.teads.tv",2,TRUE,TRUE,"2","1",2,"AppInitiated","Other","Blick, Ricardo",2,"NA","NA","NA"
"251","t.adcell.com",2,TRUE,TRUE,"2","1",2,"AppInitiated","Other","Brave, Instagram",2,"NA","FingerprintingInvasive","NA"
"252","tags.creativecdn.com",2,TRUE,FALSE,"2","1",11,"AppInitiated","Other","Ricardo",1,"NA","NA","NA"
"253","token.rubiconproject.com",2,TRUE,TRUE,"2","1",8,"AppInitiated","Other","DER SPIEGEL, Blick",2,"NA","NA","NA"
"254","tr.snapchat.com",2,TRUE,TRUE,"1","1",18,"AppInitiated","Snap Inc.","Ricardo",1,"Tracker","NA","NA"
"255","tr6.snapchat.com",2,TRUE,TRUE,"1","1",19,"AppInitiated","Snap Inc.","Ricardo",1,"NA","NA","NA"
"256","track.adform.net",2,TRUE,TRUE,"2","1",3,"AppInitiated","Other","Instagram, Search.ch",2,"NA","NA","advertising"
"257","u31231550.ct.sendgrid.net",2,FALSE,FALSE,"1","1",2,"NonAppInitiated","Other","Apple Mail",1,"NA","NA","NA"
"258","udm.scorecardresearch.com",2,TRUE,TRUE,"2","1",4,"AppInitiated","Other","Watson, Spotify",2,"NA","NA","NA"
"259","us-u.openx.net",2,TRUE,TRUE,"1","1",2,"AppInitiated","OpenX Inc.","Ricardo, Blick",2,"NA","NA","NA"
"260","usersync.gumgum.com",2,TRUE,FALSE,"2","1",7,"AppInitiated","Other","DER SPIEGEL, Blick",2,"NA","NA","NA"
"261","view.adjust.com",2,TRUE,TRUE,"1","1",4,"AppInitiated","AppLovin Corp.","Reddit, Traffic Escape",2,"NA","NA","NA"
"262","web.facebook.com",2,TRUE,FALSE,"1","1",114,"AppInitiated","Meta","Messenger, Instagram",2,"NA","NA","NA"
"263","whatsapp.com",2,TRUE,FALSE,"2","1",47,"AppInitiated","Meta","WhatsApp",1,"NA","NA","NA"
"264","widgets.outbrain.com",2,TRUE,TRUE,"2","1",3,"AppInitiated","Other","DER SPIEGEL, Le Monde",2,"NA","NA","NA"
"265","wikihow.com",2,TRUE,TRUE,"2","1",3,"NonAppInitiated, AppInitiated","Other","WhatsApp, wikiHow",2,"NA","NA","NA"
"266","x.bidswitch.net",2,TRUE,TRUE,"1","1",8,"AppInitiated","IPONWEB","DER SPIEGEL, Instagram",2,"NA","NA","NA"
"267","x.com",2,TRUE,TRUE,"2","1",2,"AppInitiated","Other","Brave, 20 Minuten",2,"NA","Social","NA"
"268","1.1.1.1",1,TRUE,TRUE,"2","2",1,"AppInitiated","Other","Signal",1,"NA","NA","NA"
"269","3lift.com",1,TRUE,TRUE,"1","1",1,"AppInitiated","TripleLift","Firefox",1,"Advertising","Advertising","advertising"
"270","a.klaviyo.com",1,TRUE,TRUE,"2","1",1,"AppInitiated","Other","Instagram",1,"NA","NA","NA"
"271","a.pub.network",1,TRUE,TRUE,"2","1",1,"AppInitiated","Other","Firefox",1,"NA","NA","NA"
"272","a.thumbs.redditmedia.com",1,TRUE,FALSE,"2","1",12,"AppInitiated","Reddit","Reddit",1,"NA","NA","NA"
"273","a.twiago.com",1,TRUE,TRUE,"2","1",1,"AppInitiated","Other","Instagram",1,"NA","NA","NA"
"274","a1.api.bbc.co.uk",1,TRUE,TRUE,"2","1",1,"AppInitiated","Other","BBC",1,"Tracker","NA","NA"
"275","a4.applovin.com",1,TRUE,TRUE,"2","1",3,"AppInitiated","Other","Hitman",1,"NA","NA","NA"
"276","a5156.casalemedia.com",1,TRUE,FALSE,"2","1",1,"AppInitiated","Other","DER SPIEGEL",1,"NA","NA","NA"
"277","acdn.adnxs-simple.com",1,TRUE,TRUE,"2","1",2,"AppInitiated","Microsoft","Blick",1,"NA","NA","NA"
"278","ad-delivery.net",1,TRUE,TRUE,"2","1",1,"AppInitiated","Other","Firefox",1,"Advertising","Advertising","advertising"
"279","ad.360yield.com",1,TRUE,TRUE,"2","1",1,"AppInitiated","Other","Blick",1,"NA","NA","NA"
"280","ad.ad-srv.net",1,TRUE,TRUE,"2","1",1,"AppInitiated","Other","Instagram",1,"NA","NA","NA"
"281","ad.sxp.smartclip.net",1,TRUE,TRUE,"2","1",1,"AppInitiated","Other","Blick",1,"NA","NA","NA"
"282","ad11.adfarm1.adition.com",1,TRUE,TRUE,"2","1",1,"AppInitiated","Other","Instagram",1,"NA","NA","NA"
"283","ad4m.at",1,TRUE,TRUE,"2","1",1,"AppInitiated","Other","Instagram",1,"Tracker","Advertising","NA"
"284","adashx.m.taobao.com",1,TRUE,FALSE,"2","1",1,"AppInitiated","Other","Alibaba",1,"Tracker","NA","NA"
"285","adclick.g.doubleclick.net",1,TRUE,TRUE,"1","1",1,"AppInitiated","Google","Spotify",1,"NA","NA","NA"
"286","adf0901f1861.cdn4.forter.com",1,TRUE,FALSE,"1","1",1,"AppInitiated","Forter Inc.","eBay",1,"NA","NA","NA"
"287","adnxs.com",1,TRUE,TRUE,"1","1",1,"AppInitiated","WarnerMedia","Firefox",1,"Tracker","Advertising","advertising"
"288","adobedtm.com",1,TRUE,TRUE,"1","1",1,"AppInitiated","Adobe","Brave",1,"Tracker","NA","NA"
"289","ads.betweendigital.com",1,TRUE,TRUE,"2","1",2,"AppInitiated","Other","DER SPIEGEL",1,"NA","NA","NA"
"290","ads.creative-serving.com",1,TRUE,TRUE,"2","1",1,"AppInitiated","Other","DER SPIEGEL",1,"NA","NA","advertising"
"291","ads.mozilla.org",1,TRUE,TRUE,"2","1",1,"AppInitiated","Mozilla Firefox","Firefox",1,"NA","NA","NA"
"292","ads.pubmatic.com",1,TRUE,TRUE,"2","1",1,"AppInitiated","Other","DER SPIEGEL",1,"NA","NA","NA"
"293","ads.smartstream.tv",1,TRUE,TRUE,"2","1",1,"AppInitiated","Other","Blick",1,"NA","NA","NA"
"294","adsensecustomsearchads.com",1,TRUE,TRUE,"2","1",3,"AppInitiated","Other","Tutti",1,"NA","NA","NA"
"295","adsrvr.org",1,TRUE,TRUE,"1","1",1,"AppInitiated","Trade Desk Inc.","Firefox",1,"Advertising","Advertising, FingerprintingGeneral","advertising"
"296","ae.mmstat.com",1,TRUE,FALSE,"2","1",1,"AppInitiated","Other","AliExpress",1,"NA","NA","NA"
"297","ae01.alicdn.com",1,FALSE,FALSE,"1, 2","1",8,"AppInitiated","Alibaba Group","Brave, AliExpress, Perplexity",3,"NA","NA","NA"
"298","ajax.cloudflare.com",1,FALSE,FALSE,"2, 1","1",4,"AppInitiated","Other","DER SPIEGEL, Brave",2,"NA","NA","NA"
"299","alb.reddit.com",1,TRUE,TRUE,"1","1",21,"AppInitiated","Reddit","Reddit",1,"Tracker","NA","NA"
"300","alibaba.com",1,TRUE,TRUE,"2","1",1,"AppInitiated","Alibaba Group","Alibaba",1,"NA","NA","NA"
"301","alicdn.com",1,TRUE,TRUE,"1","1",3,"AppInitiated","Alibaba Group","Brave",1,"NA","NA","NA"
"302","amazon-adsystem.com",1,TRUE,TRUE,"1","1",1,"AppInitiated","Amazon","Firefox",1,"NA","Advertising","advertising"
"303","amplitude.com",1,TRUE,TRUE,"1","1",2,"AppInitiated","Amplitude","Brave",1,"Tracker","Analytics","NA"
"304","analytics-ios-tcp.rayjump.com",1,TRUE,FALSE,"2","1",1,"AppInitiated","Other","Hitman",1,"NA","NA","NA"
"305","analytics.localytics.com",1,TRUE,TRUE,"2","1",1,"AppInitiated","Other","FAZ",1,"NA","NA","NA"
"306","analytics.twitter.com",1,TRUE,TRUE,"1","1",2,"AppInitiated","Twitter Inc.","Twitter",1,"Tracker","NA","NA"
"307","analytics.yahoo.com",1,TRUE,TRUE,"1","1",1,"AppInitiated","Verizon Media","Blick",1,"Tracker","Analytics","privacy"
"308","api-0-4-0.twitter.com",1,TRUE,FALSE,"2","1",2,"AppInitiated","Twitter Inc.","Twitter",1,"NA","NA","NA"
"309","api-0-4-2.twitter.com",1,TRUE,FALSE,"2","1",1,"AppInitiated","Twitter Inc.","Twitter",1,"NA","NA","NA"
"310","api-0-4-3.twitter.com",1,TRUE,FALSE,"2","1",2,"AppInitiated","Twitter Inc.","Twitter",1,"NA","NA","NA"
"311","api-0-4-4.twitter.com",1,TRUE,FALSE,"2","1",2,"AppInitiated","Twitter Inc.","Twitter",1,"NA","NA","NA"
"312","api-0-4-5.twitter.com",1,TRUE,FALSE,"2","1",1,"AppInitiated","Twitter Inc.","Twitter",1,"NA","NA","NA"
"313","api-0-5-0.twitter.com",1,TRUE,FALSE,"2","1",1,"AppInitiated","Twitter Inc.","Twitter",1,"NA","NA","NA"
"314","api-1-0-0.twitter.com",1,TRUE,FALSE,"2","1",1,"AppInitiated","Twitter Inc.","Twitter",1,"NA","NA","NA"
"315","api-2-0-0.twitter.com",1,TRUE,FALSE,"2","1",2,"AppInitiated","Twitter Inc.","Twitter",1,"NA","NA","NA"
"316","api-20-0-0.twitter.com",1,TRUE,FALSE,"2","1",2,"AppInitiated","Twitter Inc.","Twitter",1,"NA","NA","NA"
"317","api-23-0-0.twitter.com",1,TRUE,FALSE,"2","1",1,"AppInitiated","Twitter Inc.","Twitter",1,"NA","NA","NA"
"318","api-24-0-0.twitter.com",1,TRUE,FALSE,"2","1",1,"AppInitiated","Twitter Inc.","Twitter",1,"NA","NA","NA"
"319","api-26-0-0.twitter.com",1,TRUE,FALSE,"2","1",2,"AppInitiated","Twitter Inc.","Twitter",1,"NA","NA","NA"
"320","api-28-0-0.twitter.com",1,TRUE,FALSE,"2","1",1,"AppInitiated","Twitter Inc.","Twitter",1,"NA","NA","NA"
"321","api-30-0-0.twitter.com",1,TRUE,FALSE,"2","1",1,"AppInitiated","Twitter Inc.","Twitter",1,"NA","NA","NA"
"322","api-32-0-0.twitter.com",1,TRUE,FALSE,"2","1",1,"AppInitiated","Twitter Inc.","Twitter",1,"NA","NA","NA"
"323","api-33-0-0.twitter.com",1,TRUE,FALSE,"2","1",2,"AppInitiated","Twitter Inc.","Twitter",1,"NA","NA","NA"
"324","api-34-0-0.twitter.com",1,TRUE,FALSE,"2","1",1,"AppInitiated","Twitter Inc.","Twitter",1,"NA","NA","NA"
"325","api-36-0-0.twitter.com",1,TRUE,FALSE,"2","1",1,"AppInitiated","Twitter Inc.","Twitter",1,"NA","NA","NA"
"326","api-37-0-0.twitter.com",1,TRUE,FALSE,"2","1",3,"AppInitiated","Twitter Inc.","Twitter",1,"NA","NA","NA"
"327","api-40-0-0.twitter.com",1,TRUE,FALSE,"2","1",1,"AppInitiated","Twitter Inc.","Twitter",1,"NA","NA","NA"
"328","api-42-0-0.twitter.com",1,TRUE,FALSE,"2","1",1,"AppInitiated","Twitter Inc.","Twitter",1,"NA","NA","NA"
"329","api-43-0-0.twitter.com",1,TRUE,FALSE,"2","1",1,"AppInitiated","Twitter Inc.","Twitter",1,"NA","NA","NA"
"330","api-45-0-0.twitter.com",1,TRUE,FALSE,"2","1",1,"AppInitiated","Twitter Inc.","Twitter",1,"NA","NA","NA"
"331","api-stream.twitter.com",1,TRUE,FALSE,"2","1",6,"AppInitiated","Twitter Inc.","Twitter",1,"NA","NA","NA"
"332","api.btloader.com",1,TRUE,FALSE,"2","1",1,"AppInitiated","Other","Firefox",1,"NA","NA","NA"
"333","api.facebook.com",1,TRUE,FALSE,"2","1",1,"AppInitiated","Meta","Facebook",1,"NA","NA","NA"
"334","api.gameanalytics.com",1,TRUE,TRUE,"1","1",3,"AppInitiated","Mobvista","Traffic Escape",1,"NA","NA","NA"
"335","api.helpshift.com",1,FALSE,FALSE,"1","1",1,"AppInitiated","Helpshift","Solitaire",1,"NA","NA","NA"
"336","api.iterable.com",1,TRUE,TRUE,"1","1",1,"AppInitiated","Iterable","Zwift",1,"NA","NA","NA"
"337","api.piano.io",1,TRUE,FALSE,"2","1",1,"AppInitiated","Other","Blick",1,"NA","NA","NA"
"338","api.segment.io",1,TRUE,TRUE,"1","1",1,"AppInitiated","Segment Inc.","Zwift",1,"NA","NA","NA"
"339","app-analytics-v2.snapchat.com",1,TRUE,TRUE,"2","1",40,"AppInitiated","Snap Inc.","Snapchat",1,"Tracker","NA","NA"
"340","app.adjust.com",1,TRUE,TRUE,"1","1",2,"AppInitiated","AppLovin Corp.","Watson",1,"NA","NA","NA"
"341","app.snapchat.com",1,TRUE,FALSE,"2","1",64,"AppInitiated","Snap Inc.","Snapchat",1,"NA","NA","NA"
"342","appslix.g2afse.com",1,TRUE,TRUE,"2","1",1,"AppInitiated","Other","Traffic Escape",1,"NA","NA","NA"
"343","as.ad4m.at",1,TRUE,FALSE,"2","1",1,"AppInitiated","Other","Instagram",1,"NA","NA","NA"
"344","assets-jpcust.jwpsrv.com",1,TRUE,TRUE,"2","1",4,"AppInitiated","Other","DER SPIEGEL",1,"NA","NA","NA"
"345","assets.a-mo.net",1,TRUE,FALSE,"2","1",1,"AppInitiated","Other","DER SPIEGEL",1,"NA","NA","NA"
"346","assets.applovin.com",1,TRUE,TRUE,"2","1",1,"AppInitiated","Other","Coffee Golf",1,"NA","NA","NA"
"347","assets.revolut.com",1,FALSE,FALSE,"2, 1","1",3,"AppInitiated, NonAppInitiated","Other","Revolut, Apple Mail",2,"NA","NA","NA"
"348","ats.otto.de",1,TRUE,TRUE,"2","1",2,"AppInitiated","Other","DER SPIEGEL",1,"NA","NA","NA"
"349","audid-api.taobao.com",1,TRUE,TRUE,"1","1",4,"AppInitiated","Alibaba Group","AliExpress",1,"NA","NA","NA"
"350","aws-proxy-gcp.api.snapchat.com",1,TRUE,FALSE,"2","1",2,"AppInitiated","Snap Inc.","Snapchat",1,"NA","NA","NA"
"351","aws.api.snapchat.com",1,TRUE,FALSE,"2","1",99,"AppInitiated","Snap Inc.","Snapchat",1,"NA","NA","NA"
"352","b-api.facebook.com",1,TRUE,FALSE,"2","1",3,"AppInitiated","Meta","Facebook",1,"NA","NA","NA"
"353","b-graph.facebook.com",1,TRUE,FALSE,"2","1",2,"AppInitiated","Meta","Facebook",1,"NA","NA","NA"
"354","b.clarity.ms",1,TRUE,FALSE,"2","1",2,"AppInitiated","Other","Freedom",1,"NA","NA","NA"
"355","b.thumbs.redditmedia.com",1,TRUE,FALSE,"2","1",19,"AppInitiated","Reddit","Reddit",1,"NA","NA","NA"
"356","b1sync.zemanta.com",1,TRUE,TRUE,"2","1",6,"AppInitiated","Other","DER SPIEGEL",1,"NA","NA","NA"
"357","bbc.com",1,TRUE,FALSE,"2","1",1,"AppInitiated","Other","Firefox Klar",1,"NA","NA","NA"
"358","bcp.crwdcntrl.net",1,TRUE,TRUE,"2","1",1,"AppInitiated","Other","Blick",1,"NA","NA","NA"
"359","beacons.ai",1,TRUE,TRUE,"2","1",1,"AppInitiated","Other","Instagram",1,"NA","NA","NA"
"360","bh.contextweb.com",1,TRUE,TRUE,"1","1",1,"AppInitiated","Pulsepoint","Blick",1,"NA","NA","NA"
"361","bidswitch.net",1,TRUE,TRUE,"1","1",1,"AppInitiated","IPONWEB","Firefox",1,"Tracker","Advertising","advertising"
"362","bing.com",1,TRUE,TRUE,"1","1",1,"AppInitiated","Microsoft","Firefox",1,"NA","Content","NA"
"363","brwsrfrm.com",1,TRUE,TRUE,"2","1",1,"AppInitiated","Other","DER SPIEGEL",1,"NA","NA","NA"
"364","btloader.com",1,TRUE,TRUE,"2","1",1,"AppInitiated","Other","Firefox",1,"Tracker","Advertising","NA"
"365","businessclick.ch",1,TRUE,TRUE,"2","1",2,"AppInitiated","Other","Blick",1,"NA","NA","NA"
"366","buy.tinypass.com",1,TRUE,TRUE,"1","1",1,"AppInitiated","Other","Brave",1,"NA","NA","NA"
"367","c.bannerflow.net",1,TRUE,FALSE,"2","1",1,"AppInitiated","Other","Blick",1,"NA","NA","NA"
"368","c.pub.network",1,TRUE,TRUE,"2","1",1,"AppInitiated","Other","Firefox",1,"NA","NA","NA"
"369","cadmus.script.ac",1,TRUE,TRUE,"2","1",1,"AppInitiated","Other","Traffic Escape",1,"NA","NA","NA"
"370","caps.twitter.com",1,TRUE,FALSE,"2","1",1,"AppInitiated","Twitter Inc.","Twitter",1,"NA","NA","NA"
"371","casalemedia.com",1,TRUE,TRUE,"1","1",1,"AppInitiated","Index Exchange","Firefox",1,"Advertising","Advertising","advertising"
"372","cdn-settings.segment.com",1,TRUE,TRUE,"2","1",1,"AppInitiated","Other","Zwift",1,"NA","NA","NA"
"373","cdn.browsiprod.com",1,TRUE,FALSE,"2","1",1,"AppInitiated","Other","Firefox",1,"NA","NA","NA"
"374","cdn.hadronid.net",1,TRUE,TRUE,"2","1",1,"AppInitiated","Other","Firefox",1,"NA","NA","NA"
"375","cdn.id5-sync.com",1,TRUE,TRUE,"2","1",7,"AppInitiated","Other","DER SPIEGEL",1,"NA","NA","NA"
"376","cdn.liftoff-creatives.io",1,TRUE,TRUE,"2","1",2,"AppInitiated","Other","Solitaire",1,"NA","NA","NA"
"377","cdn.optimizely.com",1,TRUE,TRUE,"2","1",1,"AppInitiated","Other","Firefox",1,"NA","NA","NA"
"378","cdn.pbstck.com",1,TRUE,FALSE,"2","1",2,"AppInitiated","Other","DER SPIEGEL",1,"NA","NA","NA"
"379","cdn.pdst.fm",1,TRUE,FALSE,"2","1",1,"AppInitiated","Other","Firefox",1,"NA","NA","NA"
"380","cdn.piano.io",1,TRUE,TRUE,"2","1",1,"AppInitiated","Other","Brave",1,"NA","NA","NA"
"381","cdn.pubnative.net",1,TRUE,TRUE,"2","1",1,"AppInitiated","Other","Traffic Escape",1,"NA","NA","NA"
"382","cdn.revolut.com",1,FALSE,FALSE,"1","1",1,"NonAppInitiated","Other","Apple Mail",1,"NA","NA","NA"
"383","cdn.shopify.com",1,TRUE,TRUE,"2","1",1,"AppInitiated","Other","Instagram",1,"NA","Content","NA"
"384","cdn.siftscience.com",1,TRUE,TRUE,"2","1",1,"AppInitiated","Other","Firefox",1,"NA","NA","NA"
"385","cdn.taboola.com",1,TRUE,TRUE,"2","1",1,"AppInitiated","Other","FAZ",1,"NA","NA","NA"
"386","cdn.xplosion.de",1,TRUE,FALSE,"2","1",1,"AppInitiated","Other","DER SPIEGEL",1,"NA","NA","NA"
"387","cdntechone.com",1,TRUE,FALSE,"2","1",1,"AppInitiated","Other","Brave",1,"NA","NA","NA"
"388","cdp.cloud.unity3d.com",1,TRUE,TRUE,"1","1",2,"AppInitiated","Unity Inc.","Coffee Golf",1,"Tracker","NA","NA"
"389","ced-ns.sascdn.com",1,TRUE,TRUE,"2","1",1,"AppInitiated","Other","Blick",1,"NA","NA","NA"
"390","click.oneplus.ch",1,FALSE,FALSE,"1","1",2,"NonAppInitiated","Other","Apple Mail",1,"NA","NA","NA"
"391","click.revolut.com",1,FALSE,FALSE,"1","1",1,"NonAppInitiated","Other","Apple Mail",1,"NA","NA","NA"
"392","cloudflare.com",1,TRUE,TRUE,"1","1",2,"AppInitiated","Cloudflare","Brave",1,"NA","Content","NA"
"393","cloudflareinsights.com",1,TRUE,TRUE,"2","1",1,"AppInitiated","Other","Ricardo",1,"NA","Analytics","NA"
"394","cm.adform.net",1,TRUE,TRUE,"2","1",6,"AppInitiated","Other","DER SPIEGEL",1,"NA","NA","NA"
"395","cm.adsafety.net",1,TRUE,TRUE,"2","1",1,"AppInitiated","Other","Blick",1,"NA","NA","NA"
"396","cm.creativecdn.com",1,TRUE,FALSE,"2","1",2,"AppInitiated","Other","Ricardo",1,"NA","NA","NA"
"397","cm.everesttech.net",1,TRUE,TRUE,"1","1",2,"AppInitiated","Adobe","DER SPIEGEL",1,"NA","NA","NA"
"398","cmp.osano.com",1,TRUE,FALSE,"2","1",1,"AppInitiated","Other","Firefox",1,"NA","NA","NA"
"399","combine.asnapieu.com",1,TRUE,TRUE,"1","1",5,"AppInitiated","United Airship Inc.","Play SRF",1,"NA","NA","NA"
"400","comcluster.cxense.com",1,TRUE,TRUE,"2","1",4,"AppInitiated","Other","Blick",1,"NA","NA","NA"
"401","confiant-integrations.global.ssl.fastly.net",1,TRUE,TRUE,"2","1",1,"AppInitiated","Other","Firefox",1,"NA","NA","NA"
"402","config.aps.amazon-adsystem.com",1,TRUE,FALSE,"2","1",6,"AppInitiated","Amazon","DER SPIEGEL",1,"NA","NA","NA"
"403","config.uca.cloud.unity3d.com",1,TRUE,TRUE,"1","1",2,"AppInitiated","Unity Inc.","Coffee Golf",1,"Tracker","NA","NA"
"404","configure.rayjump.com",1,TRUE,TRUE,"1","1",1,"AppInitiated","Mobvista","Hitman",1,"NA","NA","NA"
"405","configv2.unityads.unity3d.com",1,TRUE,TRUE,"1","1",2,"AppInitiated","Unity Inc.","Coffee Golf",1,"NA","NA","NA"
"406","connect.facebook.net",1,TRUE,TRUE,"2","1",4,"AppInitiated","Meta","Instagram",1,"NA","NA","NA"
"407","consent.api.osano.com",1,TRUE,TRUE,"2","1",1,"AppInitiated","Other","Firefox",1,"NA","NA","NA"
"408","crashlogs.whatsapp.net",1,TRUE,TRUE,"2","1",2,"AppInitiated","Meta","WhatsApp",1,"NA","NA","NA"
"409","creativecdn.com",1,TRUE,TRUE,"2","1",6,"AppInitiated","Other","DER SPIEGEL",1,"Advertising","Advertising","advertising"
"410","criteo.com",1,TRUE,TRUE,"1","1",1,"AppInitiated","Criteo SA","Firefox",1,"Advertising","Advertising","advertising"
"411","crwdcntrl.net",1,TRUE,TRUE,"1","1",1,"AppInitiated","Lotame Solutions","Firefox",1,"Advertising","Advertising, FingerprintingGeneral","privacy"
"412","customerhub.vermoegenszentrum.ch",1,FALSE,FALSE,"1, 2","1",2,"NonAppInitiated","Other","Apple Mail",1,"NA","NA","NA"
"413","d.pub.network",1,TRUE,TRUE,"2","1",1,"AppInitiated","Other","Firefox",1,"NA","NA","NA"
"414","data.dianomi.com",1,TRUE,TRUE,"2","1",1,"AppInitiated","Other","DER SPIEGEL",1,"NA","NA","NA"
"415","datatechone.com",1,TRUE,FALSE,"2","1",1,"AppInitiated","Other","Brave",1,"NA","NA","NA"
"416","datatechonert.com",1,TRUE,FALSE,"2","1",1,"AppInitiated","Other","Brave",1,"NA","NA","NA"
"417","dc-api.twitter.com",1,TRUE,FALSE,"2","1",1,"AppInitiated","Twitter Inc.","Twitter",1,"NA","NA","NA"
"418","device-api.asnapieu.com",1,TRUE,TRUE,"2","1",3,"AppInitiated","Other","Play SRF",1,"NA","NA","NA"
"419","dianomi.com",1,TRUE,TRUE,"2","1",1,"AppInitiated","Other","DER SPIEGEL",1,"Advertising","Advertising","advertising"
"420","ds-aksb-a.akamaihd.net",1,TRUE,TRUE,"2","1",1,"AppInitiated","Other","AliExpress",1,"NA","NA","NA"
"421","dsp.active-agent.com",1,TRUE,FALSE,"2","1",3,"AppInitiated","Other","DER SPIEGEL",1,"NA","NA","NA"
"422","dspcluster.adfarm1.adition.com",1,TRUE,TRUE,"2","1",2,"AppInitiated","Other","DER SPIEGEL",1,"NA","NA","NA"
"423","dyn.emetriq.de",1,TRUE,TRUE,"2","1",1,"AppInitiated","Other","DER SPIEGEL",1,"NA","NA","NA"
"424","e.reddit.com",1,TRUE,FALSE,"2","1",50,"AppInitiated","Reddit","Reddit",1,"Tracker","NA","NA"
"425","e10.whatsapp.net",1,TRUE,FALSE,"2","1",1,"AppInitiated","Meta","WhatsApp",1,"NA","NA","NA"
"426","e11.whatsapp.net",1,TRUE,FALSE,"2","1",1,"AppInitiated","Meta","WhatsApp",1,"NA","NA","NA"
"427","e12.whatsapp.net",1,TRUE,FALSE,"2","1",1,"AppInitiated","Meta","WhatsApp",1,"NA","NA","NA"
"428","e13.whatsapp.net",1,TRUE,FALSE,"2","1",1,"AppInitiated","Meta","WhatsApp",1,"NA","NA","NA"
"429","e3.whatsapp.net",1,TRUE,FALSE,"2","1",1,"AppInitiated","Meta","WhatsApp",1,"NA","NA","NA"
"430","e4.whatsapp.net",1,TRUE,FALSE,"2","1",1,"AppInitiated","Meta","WhatsApp",1,"NA","NA","NA"
"431","e8.whatsapp.net",1,TRUE,FALSE,"2","1",2,"AppInitiated","Meta","WhatsApp",1,"NA","NA","NA"
"432","e9.whatsapp.net",1,TRUE,FALSE,"2","1",1,"AppInitiated","Meta","WhatsApp",1,"NA","NA","NA"
"433","edge-mqtt.facebook.com",1,TRUE,FALSE,"2","1",24,"AppInitiated","Meta","Instagram",1,"NA","NA","NA"
"434","edge.eu1.fullstory.com",1,TRUE,TRUE,"2","1",1,"AppInitiated","Other","Local.ch",1,"NA","FingerprintingGeneral","NA"
"435","edge.fullstory.com",1,TRUE,TRUE,"2","1",1,"AppInitiated","Other","Local.ch",1,"NA","FingerprintingGeneral","NA"
"436","edge.safedk.com",1,TRUE,TRUE,"2","1",2,"AppInitiated","Other","Traffic Escape",1,"NA","NA","NA"
"437","email.repebble.com",1,FALSE,FALSE,"1","1",1,"NonAppInitiated","Other","Apple Mail",1,"NA","NA","NA"
"438","embed.reddit.com",1,TRUE,TRUE,"2","1",1,"AppInitiated","Reddit","20 Minuten",1,"NA","NA","NA"
"439","emoji.redditmedia.com",1,TRUE,FALSE,"2","1",3,"AppInitiated","Reddit","Reddit",1,"NA","NA","NA"
"440","esp.rtbhouse.com",1,TRUE,FALSE,"2","1",3,"AppInitiated","Other","DER SPIEGEL",1,"NA","NA","NA"
"441","euc-ice.360yield.com",1,TRUE,FALSE,"2","1",1,"AppInitiated","Other","Blick",1,"NA","NA","NA"
"442","eus.rubiconproject.com",1,TRUE,TRUE,"2","1",3,"AppInitiated","Other","DER SPIEGEL",1,"NA","NA","NA"
"443","events.browsiprod.com",1,TRUE,TRUE,"2","1",1,"AppInitiated","Other","Firefox",1,"NA","NA","NA"
"444","events.bsky.app",1,TRUE,TRUE,"2","1",1,"AppInitiated","Bluesky Social PBC","Bluesky",1,"NA","NA","NA"
"445","excess.duolingo.com",1,TRUE,TRUE,"2","1",3,"AppInitiated","Other","Duolingo",1,"NA","NA","NA"
"446","external-preview.redd.it",1,TRUE,FALSE,"2","1",25,"AppInitiated","Other","Reddit",1,"NA","NA","NA"
"447","f-log-mobile-ios.grammarly.io",1,TRUE,TRUE,"2","1",2,"AppInitiated","Other","Grammarly",1,"Tracker","NA","NA"
"448","facebookmail.com",1,FALSE,FALSE,"1","1",1,"NonAppInitiated","Meta","Apple Mail",1,"NA","NA","NA"
"449","fandom.com",1,TRUE,FALSE,"2","1",1,"AppInitiated","Other","Brave",1,"NA","NA","NA"
"450","fast.a.klaviyo.com",1,TRUE,TRUE,"2","1",1,"AppInitiated","Other","Instagram",1,"NA","NA","NA"
"451","fastlane.rubiconproject.com",1,TRUE,TRUE,"2","1",7,"AppInitiated","Other","DER SPIEGEL",1,"NA","NA","NA"
"452","files.ricardostatic.ch",1,FALSE,FALSE,"2, 1","1",2,"AppInitiated, NonAppInitiated","SMG AG","Outlook, Apple Mail",2,"NA","NA","NA"
"453","fonts.gstatic.com",1,FALSE,FALSE,"2, 1","1",61,"AppInitiated, NonAppInitiated","Google","Youtube, FAZ, Solitaire, DER SPIEGEL, Brave, Ricardo, Traffic Escape, 20 Minuten, Twitter, Firefox, Instagram, Blick, Search.ch, Apple Mail, Google Maps",15,"NA","NA","NA"
"454","fra1-ib.adnxs-simple.com",1,TRUE,TRUE,"2","1",1,"AppInitiated","Microsoft","20 Minuten",1,"NA","NA","NA"
"455","fra1-ib.adnxs.com",1,TRUE,TRUE,"2","1",2,"AppInitiated","Microsoft","Blick",1,"NA","NA","NA"
"456","freestar-io.videoplayerhub.com",1,TRUE,TRUE,"2","1",1,"AppInitiated","Other","Firefox",1,"NA","NA","NA"
"457","functions.adnami.io",1,TRUE,FALSE,"2","1",5,"AppInitiated","Other","DER SPIEGEL",1,"NA","NA","NA"
"458","fvcm.net",1,TRUE,FALSE,"2","1",1,"AppInitiated","Other","Brave",1,"NA","NA","NA"
"459","fw.adsafeprotected.com",1,TRUE,TRUE,"2","1",1,"AppInitiated","Other","20 Minuten",1,"NA","NA","NA"
"460","g.ign.com",1,TRUE,TRUE,"2","1",1,"AppInitiated","Other","Brave",1,"NA","NA","NA"
"461","g2.gumgum.com",1,TRUE,TRUE,"2","1",7,"AppInitiated","Other","DER SPIEGEL",1,"NA","NA","NA"
"462","gcp.api.snapchat.com",1,TRUE,FALSE,"2","1",63,"AppInitiated","Snap Inc.","Snapchat",1,"NA","NA","NA"
"463","github.com",1,TRUE,TRUE,"2","1",3,"AppInitiated","Other","Brave",1,"NA","NA","NA"
"464","gm.mmstat.com",1,TRUE,TRUE,"2","1",1,"AppInitiated","Other","Alibaba",1,"NA","NA","NA"
"465","googlesyndication.com",1,TRUE,TRUE,"1","1",1,"AppInitiated","Google","Firefox",1,"Tracker","Advertising, FingerprintingGeneral","advertising"
"466","gql-fed.reddit.com",1,TRUE,FALSE,"2","1",50,"AppInitiated","Reddit","Reddit",1,"NA","NA","NA"
"467","gql-realtime.reddit.com",1,TRUE,FALSE,"2","1",17,"AppInitiated","Reddit","Reddit",1,"NA","NA","NA"
"468","gumgum.com",1,TRUE,TRUE,"1","1",1,"AppInitiated","GumGum","Firefox",1,"Tracker","Advertising","advertising"
"469","gw.geoedge.be",1,TRUE,TRUE,"2","1",2,"AppInitiated","Other","DER SPIEGEL",1,"NA","NA","NA"
"470","gw.mediation.unity3d.com",1,TRUE,TRUE,"2","1",7,"AppInitiated","Unity Software","Hitman",1,"NA","NA","NA"
"471","h-sdk.online-metrix.net",1,TRUE,TRUE,"2","1",1,"AppInitiated","Other","eBay",1,"NA","NA","NA"
"472","h64.online-metrix.net",1,TRUE,FALSE,"2","1",1,"AppInitiated","Other","eBay",1,"NA","NA","NA"
"473","hb.yellowblue.io",1,TRUE,TRUE,"2","1",1,"AppInitiated","Other","Firefox",1,"NA","NA","NA"
"474","hbopenbid.pubmatic.com",1,TRUE,TRUE,"2","1",6,"AppInitiated","Other","DER SPIEGEL",1,"NA","NA","NA"
"475","hbx.media.net",1,TRUE,TRUE,"2","1",1,"AppInitiated","Other","Firefox",1,"NA","NA","NA"
"476","hexagon-analytics.com",1,TRUE,TRUE,"2","1",1,"AppInitiated","Other","Firefox",1,"Tracker","NA","NA"
"477","himovies.sx",1,TRUE,FALSE,"2","1",1,"AppInitiated","Other","Brave",1,"NA","NA","NA"
"478","hp.com",1,TRUE,TRUE,"2","1",3,"AppInitiated","Other","Brave",1,"NA","NA","advertising"
"479","hqporner.com",1,TRUE,FALSE,"2","1",2,"AppInitiated","Other","Brave",1,"NA","NA","NA"
"480","i.clean.gg",1,TRUE,TRUE,"2","1",1,"AppInitiated","Other","Traffic Escape",1,"NA","NA","NA"
"481","i.connectad.io",1,TRUE,TRUE,"2","1",7,"AppInitiated","Other","DER SPIEGEL",1,"NA","NA","NA"
"482","i.ipromote.com",1,TRUE,TRUE,"2","1",1,"AppInitiated","Other","Search.ch",1,"NA","NA","NA"
"483","ice.360yield.com",1,TRUE,TRUE,"2","1",1,"AppInitiated","Other","Ricardo",1,"NA","NA","NA"
"484","idsync.rlcdn.com",1,TRUE,TRUE,"2","1",1,"AppInitiated","Other","DER SPIEGEL",1,"NA","NA","NA"
"485","ign.com",1,TRUE,FALSE,"2","1",1,"AppInitiated","Other","Brave",1,"NA","NA","NA"
"486","image2.pubmatic.com",1,TRUE,TRUE,"2","1",1,"AppInitiated","Other","Blick",1,"NA","NA","NA"
"487","image6.pubmatic.com",1,TRUE,TRUE,"2","1",1,"AppInitiated","Other","Blick",1,"NA","NA","NA"
"488","images.mediago.io",1,TRUE,TRUE,"2","1",1,"AppInitiated","Other","Firefox",1,"NA","NA","NA"
"489","imcdn.pro",1,TRUE,FALSE,"2","1",1,"AppInitiated","Other","Brave",1,"NA","NA","NA"
"490","img.ricardostatic.ch",1,FALSE,FALSE,"2, 1","1",48,"AppInitiated, NonAppInitiated","SMG AG","Ricardo, Tutti, Apple Mail, Outlook",4,"NA","NA","NA"
"491","in.treasuredata.com",1,TRUE,TRUE,"2","1",2,"AppInitiated","Other","Solitaire",1,"NA","NA","NA"
"492","inbox.google.com",1,TRUE,TRUE,"2","1",1,"AppInitiated","Google","Gmail",1,"NA","NA","social"
"493","indexww.com",1,TRUE,TRUE,"1","1",1,"AppInitiated","Index Exchange","Firefox",1,"Advertising","Advertising","advertising"
"494","indodrioor.com",1,TRUE,FALSE,"2","1",1,"AppInitiated","Other","Brave",1,"NA","NA","NA"
"495","intake-analytics.wikimedia.org",1,TRUE,TRUE,"2","1",10,"AppInitiated","Other","Wikipedia",1,"Tracker","NA","NA"
"496","intake.pbstck.com",1,TRUE,FALSE,"2","1",7,"AppInitiated","Other","DER SPIEGEL",1,"NA","NA","NA"
"497","invstatic101.creativecdn.com",1,TRUE,FALSE,"2","1",3,"AppInitiated","Other","DER SPIEGEL",1,"NA","NA","NA"
"498","iqdigital.demdex.net",1,TRUE,TRUE,"2","1",8,"AppInitiated","Other","DER SPIEGEL",1,"NA","NA","NA"
"499","isx.unity3d.com",1,FALSE,FALSE,"1","1",3,"AppInitiated","Unity Inc.","Hitman",1,"NA","NA","NA"
"500","jrpkizae.com",1,TRUE,FALSE,"2","1",3,"AppInitiated","Other","Brave",1,"NA","NA","NA"
"501","js-sec.indexww.com",1,TRUE,TRUE,"2","1",1,"AppInitiated","Other","DER SPIEGEL",1,"NA","NA","NA"
"502","jsdelivr.net",1,TRUE,TRUE,"1","1",4,"AppInitiated","Prospect One","Brave",1,"NA","NA","NA"
"503","l.instagram.com",1,TRUE,FALSE,"2","1",1,"AppInitiated","Meta","Instagram",1,"NA","NA","NA"
"504","l.teads.tv",1,TRUE,FALSE,"2","1",11,"AppInitiated","Other","20 Minuten",1,"NA","NA","NA"
"505","launches.appsflyer.com",1,TRUE,TRUE,"1","1",14,"AppInitiated","AppsFlyer","Ricardo",1,"NA","NA","NA"
"506","liadm.com",1,TRUE,TRUE,"1","1",1,"AppInitiated","LiveIntent Inc.","Firefox",1,"Tracker","Email, Advertising","advertising"
"507","lijit.com",1,TRUE,TRUE,"1","1",1,"AppInitiated","Sovrn Holdings","Firefox",1,"Tracker","Advertising","advertising"
"508","linkbux.com",1,TRUE,FALSE,"2","1",1,"AppInitiated","Other","Brave",1,"NA","NA","NA"
"509","links.reply.ricardo.ch",1,FALSE,FALSE,"2, 1","1",2,"AppInitiated, NonAppInitiated","SMG AG","Outlook, Apple Mail",2,"NA","NA","NA"
"510","lithium.facebook.com",1,TRUE,FALSE,"2","1",3,"AppInitiated","Meta","Facebook",1,"NA","NA","NA"
"511","loadm.exelator.com",1,TRUE,TRUE,"2","1",1,"AppInitiated","Other","Blick",1,"NA","NA","NA"
"512","locusflourishgarlic.com",1,TRUE,FALSE,"2","1",1,"AppInitiated","Other","Firefox",1,"NA","NA","NA"
"513","log.outbrainimg.com",1,TRUE,TRUE,"2","1",1,"AppInitiated","Other","DER SPIEGEL",1,"NA","NA","NA"
"514","logs13.xiti.com",1,TRUE,FALSE,"2","1",1,"AppInitiated","Other","Le Monde",1,"NA","NA","NA"
"515","luckyforbet.com",1,TRUE,FALSE,"2","1",4,"AppInitiated","Other","Brave",1,"NA","NA","NA"
"516","m.api.forter.com",1,TRUE,FALSE,"2","1",5,"AppInitiated","Other","eBay",1,"NA","NA","NA"
"517","m.hqporner.com",1,TRUE,FALSE,"2","1",2,"AppInitiated","Other","Brave",1,"NA","NA","NA"
"518","mab.chartbeat.com",1,TRUE,TRUE,"2","1",3,"AppInitiated","Other","Play SRF",1,"NA","NA","NA"
"519","mabping.chartbeat.net",1,TRUE,TRUE,"2","1",1,"AppInitiated","Other","Play SRF",1,"NA","NA","NA"
"520","macro.adnami.io",1,TRUE,TRUE,"2","1",6,"AppInitiated","Other","DER SPIEGEL",1,"NA","NA","NA"
"521","mads.amazon-adsystem.com",1,TRUE,TRUE,"1","1",1,"AppInitiated","Amazon","Solitaire",1,"NA","NA","NA"
"522","mail.google.com",1,TRUE,TRUE,"2","1",1,"AppInitiated","Google","Gmail",1,"NA","NA","social"
"523","mandrillapp.com",1,TRUE,TRUE,"2","1",1,"AppInitiated","Other","Outlook",1,"Advertising","EmailAggressive","NA"
"524","manifest.localytics.com",1,TRUE,TRUE,"2","1",1,"AppInitiated","Other","FAZ",1,"NA","NA","NA"
"525","marketingplatform.google.com",1,TRUE,TRUE,"2","1",1,"AppInitiated","Google","Local.ch",1,"NA","NA","NA"
"526","match.360yield.com",1,TRUE,TRUE,"2","1",1,"AppInitiated","Other","Blick",1,"NA","NA","NA"
"527","match.justpremium.com",1,TRUE,TRUE,"2","1",3,"AppInitiated","Other","DER SPIEGEL",1,"NA","NA","NA"
"528","mc.sendgrid.com",1,FALSE,FALSE,"1","1",1,"NonAppInitiated","Other","Apple Mail",1,"NA","NA","NA"
"529","mcusercontent.com",1,FALSE,FALSE,"2, 1","1",4,"NonAppInitiated","Other","Apple Mail",1,"NA","NA","NA"
"530","me-client.eservice.emarsys.net",1,FALSE,FALSE,"1","1",8,"AppInitiated","SAP SE","Ricardo",1,"NA","NA","NA"
"531","media.admob.com",1,TRUE,TRUE,"2","1",1,"AppInitiated","Other","20 Minuten",1,"NA","NA","NA"
"532","mediation.adnxs.com",1,TRUE,TRUE,"2","1",2,"AppInitiated","Microsoft","Blick",1,"NA","NA","NA"
"533","merchant-center-analytics.goog",1,TRUE,TRUE,"2","1",1,"AppInitiated","Other","Instagram",1,"NA","Analytics","NA"
"534","mmg.whatsapp.net",1,TRUE,FALSE,"2","1",1,"AppInitiated","Meta","WhatsApp",1,"NA","NA","NA"
"535","mobile-events.eservice.emarsys.net",1,FALSE,FALSE,"1","1",6,"AppInitiated","SAP SE","Ricardo",1,"NA","NA","NA"
"536","mobile.twitter.com",1,TRUE,FALSE,"2","1",1,"AppInitiated","Twitter Inc.","20 Minuten",1,"NA","NA","NA"
"537","mobiletelemetry.ebay.com",1,TRUE,FALSE,"2","1",7,"AppInitiated","Other","eBay",1,"Tracker","NA","NA"
"538","mollusk.apis.ign.com",1,TRUE,TRUE,"2","1",1,"AppInitiated","Other","Brave",1,"NA","NA","NA"
"539","my.rtmark.net",1,TRUE,TRUE,"1","1",1,"AppInitiated","Propeller Ads","Brave",1,"NA","NA","NA"
"540","n.sni.global.fastly.net",1,FALSE,FALSE,"1","1",1,"AppInitiated","Fastly","Brave",1,"NA","NA","NA"
"541","npttech.com",1,TRUE,TRUE,"1","1",1,"AppInitiated","Other","Brave",1,"Tracker","Advertising","NA"
"542","o-iab-notifications.mediation.unity3d.com",1,TRUE,TRUE,"2","1",7,"AppInitiated","Unity Software","Hitman",1,"NA","NA","NA"
"543","o.iads.unity3d.com",1,TRUE,TRUE,"2","1",7,"AppInitiated","Unity Software","Hitman",1,"NA","NA","NA"
"544","o1069899.ingest.sentry.io",1,TRUE,FALSE,"1","1",6,"AppInitiated","Functional Software","Firefox Klar",1,"NA","NA","NA"
"545","o170101.ingest.sentry.io",1,FALSE,FALSE,"1","1",2,"AppInitiated","Functional Software","Ricardo",1,"NA","NA","NA"
"546","o228883.ingest.sentry.io",1,FALSE,FALSE,"1","1",6,"AppInitiated","Functional Software","Working Bicycle",1,"NA","NA","NA"
"547","odr.mookie1.com",1,TRUE,TRUE,"2","1",1,"AppInitiated","Other","DER SPIEGEL",1,"NA","NA","NA"
"548","offer.alibaba.com",1,TRUE,TRUE,"2","1",1,"AppInitiated","Alibaba Group","Traffic Escape",1,"NA","NA","NA"
"549","ogads-pa.googleapis.com",1,TRUE,TRUE,"2","1",1,"AppInitiated","Google","Firefox",1,"NA","NA","NA"
"550","omtrdc.net",1,TRUE,TRUE,"1","1",1,"AppInitiated","Adobe","Brave",1,"Tracker","Email, Advertising, FingerprintingGeneral","advertising"
"551","openx.net",1,TRUE,TRUE,"1","1",1,"AppInitiated","OpenX Inc.","Firefox",1,"Tracker","Advertising, FingerprintingGeneral","advertising"
"552","orbidder.otto.de",1,TRUE,TRUE,"2","1",7,"AppInitiated","Other","DER SPIEGEL",1,"NA","NA","NA"
"553","p.typekit.net",1,TRUE,TRUE,"2","1",1,"AppInitiated","Other","FAZ",1,"Tracker","NA","NA"
"554","p16-sign-sg.tiktokcdn.com",1,TRUE,FALSE,"2","1",5,"AppInitiated","ByteDance Ltd.","TikTok",1,"NA","NA","NA"
"555","p16-sign.tiktokcdn-us.com",1,TRUE,FALSE,"2","1",3,"AppInitiated","ByteDance Ltd.","TikTok",1,"NA","NA","NA"
"556","p19-sign.tiktokcdn-us.com",1,TRUE,FALSE,"2","1",1,"AppInitiated","ByteDance Ltd.","TikTok",1,"NA","NA","NA"
"557","pagead2.googleadservices.com",1,TRUE,TRUE,"2","1",1,"AppInitiated","Google","20 Minuten",1,"NA","NA","NA"
"558","partner.googleadservices.com",1,TRUE,TRUE,"2","1",2,"AppInitiated","Google","Tutti",1,"NA","NA","advertising"
"559","paypal.com",1,TRUE,TRUE,"2","1",1,"AppInitiated","Other","PayPal",1,"NA","Content","NA"
"560","perplexity.ai",1,TRUE,TRUE,"2","1",6,"AppInitiated","Other","Perplexity",1,"NA","NA","NA"
"561","pippio.com",1,TRUE,TRUE,"1","1",1,"AppInitiated","LiveRamp","Firefox",1,"Tracker","Email, Advertising","NA"
"562","pix.hyj.mobi",1,TRUE,TRUE,"2","1",1,"AppInitiated","Other","Instagram",1,"NA","NA","NA"
"563","pixel.mathtag.com",1,TRUE,TRUE,"2","1",1,"AppInitiated","Other","Instagram",1,"NA","NA","NA"
"564","pl02.owen.prolitteris.ch",1,TRUE,FALSE,"2","1",3,"AppInitiated","Other","Blick",1,"NA","NA","NA"
"565","pm.w55c.net",1,TRUE,TRUE,"2","1",2,"AppInitiated","Other","DER SPIEGEL",1,"NA","NA","NA"
"566","poawooptugroo.com",1,TRUE,FALSE,"2","1",3,"AppInitiated","Other","Brave",1,"NA","NA","NA"
"567","pool.admedo.com",1,TRUE,TRUE,"2","1",1,"AppInitiated","Other","DER SPIEGEL",1,"NA","NA","NA"
"568","prebid-server-aws.dianomi.com",1,TRUE,FALSE,"2","1",1,"AppInitiated","Other","DER SPIEGEL",1,"NA","NA","NA"
"569","prebid.a-mo.net",1,TRUE,FALSE,"2","1",1,"AppInitiated","Other","DER SPIEGEL",1,"NA","NA","NA"
"570","prebid.cootlogix.com",1,TRUE,TRUE,"2","1",1,"AppInitiated","Other","Firefox",1,"NA","NA","NA"
"571","probe.twitter.com",1,TRUE,FALSE,"2","1",6,"AppInitiated","Twitter Inc.","Twitter",1,"NA","NA","NA"
"572","publish.twitter.com",1,TRUE,FALSE,"2","1",10,"AppInitiated","Twitter Inc.","20 Minuten",1,"NA","NA","NA"
"573","pubmatic.com",1,TRUE,TRUE,"1","1",1,"AppInitiated","PubMatic Inc.","Firefox",1,"Tracker","Advertising","advertising"
"574","px-intl.ucweb.com",1,TRUE,TRUE,"2","1",4,"AppInitiated","Other","Alibaba",1,"NA","NA","NA"
"575","quantserve.com",1,TRUE,TRUE,"1","1",1,"AppInitiated","Quantcast Corp.","Firefox",1,"Tracker","Advertising","advertising"
"576","r.linksprf.com",1,TRUE,TRUE,"2","1",2,"AppInitiated","Other","Brave",1,"NA","NA","NA"
"577","remote-data.asnapieu.com",1,TRUE,TRUE,"2","1",4,"AppInitiated","Other","Play SRF",1,"NA","NA","NA"
"578","rezync.com",1,TRUE,TRUE,"1","1",1,"AppInitiated","Zeta Global","Firefox",1,"Tracker","Advertising","NA"
"579","rfihub.com",1,TRUE,TRUE,"1","1",1,"AppInitiated","Zeta Global","Firefox",1,"Tracker","Advertising","advertising"
"580","rlcdn.com",1,TRUE,TRUE,"1","1",1,"AppInitiated","LiveRamp","Firefox",1,"Tracker","Advertising","advertising"
"581","rs.eu1.fullstory.com",1,TRUE,FALSE,"2","1",1,"AppInitiated","Other","Local.ch",1,"NA","NA","NA"
"582","rt.udmserve.net",1,TRUE,TRUE,"2","1",1,"AppInitiated","Other","Ricardo",1,"NA","NA","NA"
"583","rtb0.doubleverify.com",1,TRUE,TRUE,"2","1",1,"AppInitiated","DoubleVerify Holdings Inc.","20 Minuten",1,"NA","NA","NA"
"584","rubiconproject.com",1,TRUE,TRUE,"1","1",1,"AppInitiated","Rubicon Project","Firefox",1,"Tracker","Advertising","advertising"
"585","rules.quantcount.com",1,TRUE,TRUE,"2","1",1,"AppInitiated","Other","Firefox",1,"NA","NA","NA"
"586","rum.hlx.page",1,TRUE,TRUE,"2","1",1,"AppInitiated","Other","Brave",1,"NA","NA","NA"
"587","rumcdn.geoedge.be",1,TRUE,TRUE,"2","1",5,"AppInitiated","Other","DER SPIEGEL",1,"NA","NA","NA"
"588","s.amazon-adsystem.com",1,TRUE,TRUE,"2","1",1,"AppInitiated","Amazon","Solitaire",1,"NA","NA","NA"
"589","s.click.aliexpress.com",1,TRUE,TRUE,"2","1",3,"AppInitiated","Alibaba Group","Brave",1,"Tracker","NA","NA"
"590","s.yimg.com",1,TRUE,FALSE,"2","1",1,"AppInitiated","Other","Firefox",1,"NA","NA","NA"
"591","s.youtube.com",1,TRUE,FALSE,"2","1",703,"AppInitiated","Google","Youtube",1,"NA","NA","NA"
"592","s1.adform.net",1,TRUE,TRUE,"2","1",2,"AppInitiated","Other","Search.ch",1,"NA","NA","NA"
"593","s2.adform.net",1,TRUE,TRUE,"2","1",1,"AppInitiated","Other","Instagram",1,"NA","NA","NA"
"594","s2s.t13.io",1,TRUE,TRUE,"2","1",1,"AppInitiated","Other","Firefox",1,"NA","NA","NA"
"595","sb.scorecardresearch.com",1,TRUE,TRUE,"1","1",2,"AppInitiated","comScore Inc.","Watson",1,"NA","NA","NA"
"596","scar.unityads.unity3d.com",1,TRUE,TRUE,"1","1",2,"AppInitiated","Unity Inc.","Coffee Golf",1,"NA","NA","NA"
"597","scontent-fra5-2.cdninstagram.com",1,TRUE,FALSE,"2","1",1,"AppInitiated","Meta","Instagram",1,"NA","NA","NA"
"598","scontent-tpe1-1.xx.fbcdn.net",1,TRUE,FALSE,"2","1",1,"AppInitiated","Meta","Spotify",1,"NA","NA","NA"
"599","scontent.whatsapp.net",1,TRUE,FALSE,"2","1",38,"AppInitiated","Meta","WhatsApp",1,"NA","NA","NA"
"600","scribd.com",1,TRUE,TRUE,"2","1",1,"AppInitiated","Other","Firefox",1,"NA","NA","NA"
"601","script.hotjar.com",1,TRUE,TRUE,"2","1",1,"AppInitiated","Other","Instagram",1,"NA","NA","NA"
"602","sdk.streamrail.com",1,TRUE,TRUE,"2","1",1,"AppInitiated","Other","Firefox",1,"NA","NA","NA"
"603","secure.cdn.fastclick.net",1,TRUE,FALSE,"2","1",1,"AppInitiated","Other","Firefox",1,"NA","NA","NA"
"604","securepubads.g.doubleclick.net",1,TRUE,TRUE,"1","1",1,"AppInitiated","Google","Spotify",1,"NA","NA","NA"
"605","sentry.io",1,TRUE,TRUE,"2","1",1,"AppInitiated","Other","Firefox",1,"NA","Analytics","NA"
"606","server.prebid.dianomi.com",1,TRUE,FALSE,"2","1",1,"AppInitiated","Other","DER SPIEGEL",1,"NA","NA","NA"
"607","sessions.bugsnag.com",1,TRUE,TRUE,"1","1",1,"AppInitiated","Bugsnag Inc.","BlueWallet",1,"NA","NA","NA"
"608","sf16-website-login.neutral.ttwstatic.com",1,TRUE,TRUE,"2","1",1,"AppInitiated","Other","20 Minuten",1,"NA","FingerprintingGeneral","NA"
"609","sharethis.com",1,TRUE,TRUE,"1","1",1,"AppInitiated","ShareThis Inc.","Brave",1,"Advertising","Social","social"
"610","sharethrough.com",1,TRUE,TRUE,"1","1",1,"AppInitiated","Sharethrough Inc.","Firefox",1,"Advertising","Advertising","advertising"
"611","simage2.pubmatic.com",1,TRUE,TRUE,"2","1",1,"AppInitiated","Other","Instagram",1,"NA","NA","NA"
"612","spiegel.de",1,TRUE,FALSE,"2","1",6,"AppInitiated","Rudolf Augstein GmbH & Co. KG","DER SPIEGEL",1,"NA","NA","NA"
"613","spiegel.met.vgwort.de",1,TRUE,FALSE,"2","1",1,"AppInitiated","Rudolf Augstein GmbH & Co. KG","DER SPIEGEL",1,"NA","NA","NA"
"614","srgssr01.wt-eu02.net",1,TRUE,TRUE,"2","1",5,"AppInitiated","SRG SRF","Play SRF",1,"NA","NA","NA"
"615","ssb-euw2.smartadserver.com",1,TRUE,FALSE,"2","1",1,"AppInitiated","Other","Blick",1,"NA","NA","NA"
"616","ssbsync.smartadserver.com",1,TRUE,TRUE,"2","1",6,"AppInitiated","Other","DER SPIEGEL",1,"NA","NA","NA"
"617","ssp-csync.smartadserver.com",1,TRUE,TRUE,"2","1",1,"AppInitiated","Other","Ricardo",1,"NA","NA","NA"
"618","ssum-sec.casalemedia.com",1,TRUE,TRUE,"2","1",1,"AppInitiated","Other","DER SPIEGEL",1,"NA","NA","NA"
"619","static-forms.klaviyo.com",1,TRUE,FALSE,"2","1",1,"AppInitiated","Other","Instagram",1,"NA","NA","NA"
"620","static-tracking.klaviyo.com",1,TRUE,TRUE,"2","1",1,"AppInitiated","Other","Instagram",1,"NA","NA","NA"
"621","static.cdninstagram.com",1,TRUE,FALSE,"2","1",4,"AppInitiated","Meta","20 Minuten",1,"NA","NA","NA"
"622","static.chartbeat.com",1,TRUE,TRUE,"2","1",3,"AppInitiated","Other","Play SRF",1,"NA","NA","NA"
"623","static.criteo.net",1,TRUE,TRUE,"2","1",3,"AppInitiated","Other","DER SPIEGEL",1,"NA","NA","NA"
"624","static.hotjar.com",1,TRUE,TRUE,"2","1",1,"AppInitiated","Other","Instagram",1,"NA","NA","NA"
"625","static.klaviyo.com",1,TRUE,TRUE,"2","1",1,"AppInitiated","Other","Instagram",1,"NA","NA","NA"
"626","static.licdn.com",1,TRUE,FALSE,"2","1",1,"NonAppInitiated","Other","Apple Mail",1,"NA","NA","NA"
"627","static.woopra.com",1,TRUE,TRUE,"2","1",1,"AppInitiated","Other","Local.ch",1,"NA","NA","NA"
"628","statsigapi.net",1,TRUE,TRUE,"2","1",1,"AppInitiated","Other","Bluesky",1,"NA","NA","NA"
"629","storage.googleapis.com",1,TRUE,TRUE,"2","1",1,"AppInitiated","Google","Spotify",1,"NA","NA","NA"
"630","studio-t.teads.tv",1,TRUE,TRUE,"2","1",8,"AppInitiated","Other","20 Minuten",1,"NA","NA","NA"
"631","styles.redditmedia.com",1,TRUE,FALSE,"2","1",37,"AppInitiated","Reddit","Reddit",1,"NA","NA","NA"
"632","survey.survicate.com",1,TRUE,TRUE,"2","1",1,"AppInitiated","Other","Firefox",1,"NA","NA","NA"
"633","sync.1rx.io",1,TRUE,TRUE,"2","1",1,"AppInitiated","Other","Blick",1,"NA","NA","NA"
"634","sync.connectad.io",1,TRUE,TRUE,"2","1",7,"AppInitiated","Other","DER SPIEGEL",1,"NA","NA","NA"
"635","sync.mathtag.com",1,TRUE,TRUE,"2","1",2,"AppInitiated","Other","DER SPIEGEL",1,"NA","NA","NA"
"636","sync.taboola.com",1,TRUE,TRUE,"2","1",1,"AppInitiated","Other","Ricardo",1,"NA","NA","NA"
"637","t2.chartboost.com",1,TRUE,TRUE,"2","1",1,"AppInitiated","Other","Solitaire",1,"NA","NA","NA"
"638","teads.tv",1,TRUE,TRUE,"1","1",1,"AppInitiated","Teads","Firefox",1,"Advertising","Advertising","advertising"
"639","telemetry.sdk.inmobi.com",1,TRUE,TRUE,"2","1",4,"AppInitiated","Other","Jodel",1,"NA","NA","NA"
"640","temu.com",1,TRUE,TRUE,"2","1",1,"AppInitiated","Other","Traffic Escape",1,"NA","NA","NA"
"641","theverge.com",1,TRUE,FALSE,"2","1",1,"AppInitiated","Other","Firefox Klar",1,"NA","NA","NA"
"642","thind.unityads.unity3d.com",1,TRUE,TRUE,"1","1",2,"AppInitiated","Unity Inc.","Coffee Golf",1,"NA","NA","NA"
"643","thingortwo.g2afse.com",1,TRUE,TRUE,"2","1",3,"AppInitiated","Other","Traffic Escape",1,"NA","NA","NA"
"644","thrtle.com",1,TRUE,TRUE,"1","1",1,"AppInitiated","Throtle","Firefox",1,"Tracker","Advertising","NA"
"645","tiktok.com",1,TRUE,TRUE,"2","1",2,"AppInitiated","ByteDance Ltd.","20 Minuten",1,"NA","Advertising, Social","NA"
"646","tlx.3lift.com",1,TRUE,TRUE,"2","1",6,"AppInitiated","Other","DER SPIEGEL",1,"NA","NA","NA"
"647","tpsc-video-eu.doubleverify.com",1,TRUE,FALSE,"2","1",1,"AppInitiated","DoubleVerify Holdings Inc.","20 Minuten",1,"NA","NA","NA"
"648","tr-eu.adsmoloco.com",1,TRUE,TRUE,"2","1",1,"AppInitiated","Other","Traffic Escape",1,"NA","NA","NA"
"649","tr.outbrain.com",1,TRUE,TRUE,"2","1",8,"AppInitiated","Other","DER SPIEGEL",1,"NA","NA","NA"
"650","tracking.komoot.de",1,TRUE,FALSE,"2","1",1,"AppInitiated","Other","Komoot",1,"Tracker","NA","NA"
"651","trustpilot.com",1,TRUE,TRUE,"1","1",4,"AppInitiated","Trustpilot","Brave",1,"NA","Advertising","NA"
"652","tutti.ch",1,TRUE,TRUE,"2","1",1,"AppInitiated","SMG AG","Ricardo",1,"NA","NA","NA"
"653","u.openx.net",1,TRUE,TRUE,"2","1",6,"AppInitiated","Other","DER SPIEGEL",1,"NA","NA","NA"
"654","uct.service.usercentrics.eu",1,TRUE,TRUE,"2","1",1,"AppInitiated","Other","RTS",1,"NA","NA","NA"
"655","undertone.com",1,TRUE,TRUE,"1","1",1,"AppInitiated","Undertone Networks","Firefox",1,"Advertising","Advertising","advertising"
"656","unified.adsafeprotected.com",1,TRUE,TRUE,"2","1",1,"AppInitiated","Other","20 Minuten",1,"NA","NA","NA"
"657","ups.xplosion.de",1,TRUE,TRUE,"2","1",8,"AppInitiated","Other","DER SPIEGEL",1,"NA","NA","NA"
"658","us-central1-gcp.api.snapchat.com",1,TRUE,FALSE,"2","1",28,"AppInitiated","Snap Inc.","Snapchat",1,"NA","NA","NA"
"659","us-east1-aws.api.snapchat.com",1,TRUE,FALSE,"2","1",68,"AppInitiated","Snap Inc.","Snapchat",1,"NA","NA","NA"
"660","usc1-gcp-v61.api.snapchat.com",1,TRUE,FALSE,"2","1",19,"AppInitiated","Snap Inc.","Snapchat",1,"NA","NA","NA"
"661","usc1-gcp-v62.api.snapchat.com",1,TRUE,FALSE,"2","1",29,"AppInitiated","Snap Inc.","Snapchat",1,"NA","NA","NA"
"662","userimg-assets.customeriomail.com",1,FALSE,FALSE,"1","1",1,"NonAppInitiated","Other","Apple Mail",1,"NA","NA","NA"
"663","usermatch.targeting.unrulymedia.com",1,TRUE,TRUE,"2","1",1,"AppInitiated","Other","Blick",1,"NA","NA","NA"
"664","uss.xplosion.de",1,TRUE,FALSE,"2","1",8,"AppInitiated","Other","DER SPIEGEL",1,"NA","NA","NA"
"665","v.redd.it",1,TRUE,FALSE,"2","1",17,"AppInitiated","Other","Reddit",1,"NA","NA","NA"
"666","v16m.tiktokcdn-eu.com",1,TRUE,FALSE,"2","1",10,"AppInitiated","ByteDance Ltd.","TikTok",1,"NA","NA","NA"
"667","va.tawk.to",1,TRUE,TRUE,"2","1",1,"AppInitiated","Other","Instagram",1,"NA","NA","NA"
"668","vast.doubleverify.com",1,TRUE,TRUE,"2","1",1,"AppInitiated","DoubleVerify Holdings Inc.","20 Minuten",1,"NA","NA","NA"
"669","vc.hotjar.io",1,TRUE,TRUE,"2","1",1,"AppInitiated","Other","Instagram",1,"NA","NA","NA"
"670","vg-aws-cdn-us-east-1a-hb-bid-feedback.mtgglobals.com",1,TRUE,TRUE,"2","1",4,"AppInitiated","Other","Hitman",1,"NA","NA","NA"
"671","visualwebsiteoptimizer.com",1,TRUE,TRUE,"1","1",2,"AppInitiated","Wingify","Brave",1,"Tracker","Analytics","NA"
"672","vpaid.doubleverify.com",1,TRUE,TRUE,"2","1",1,"AppInitiated","DoubleVerify Holdings Inc.","20 Minuten",1,"NA","NA","NA"
"673","w3-reporting-nel.reddit.com",1,TRUE,FALSE,"2","1",22,"AppInitiated","Reddit","Reddit",1,"NA","NA","NA"
"674","w3-reporting.reddit.com",1,TRUE,TRUE,"2","1",22,"AppInitiated","Reddit","Reddit",1,"Tracker","NA","NA"
"675","weather-analytics-events.apple.com",1,TRUE,TRUE,"2","1",1,"AppInitiated","Apple","Apple Weather",1,"Tracker","NA","NA"
"676","webchannel-content.eservice.emarsys.net",1,FALSE,FALSE,"1","1",3,"AppInitiated","SAP SE","Ricardo",1,"NA","NA","NA"
"677","widget-pixels.outbrain.com",1,TRUE,TRUE,"2","1",1,"AppInitiated","Other","DER SPIEGEL",1,"NA","NA","NA"
"678","woopra.com",1,TRUE,TRUE,"2","1",1,"AppInitiated","Other","Local.ch",1,"Tracker","Analytics","privacy"
"679","www3.doubleclick.net",1,TRUE,TRUE,"2","1",1,"AppInitiated","Google","Local.ch",1,"NA","NA","NA"
"680","yahoo.com",1,TRUE,TRUE,"1","1",1,"AppInitiated","Verizon Media","Firefox",1,"NA","Content","NA"
"681","yield-manager.browsiprod.com",1,TRUE,TRUE,"2","1",1,"AppInitiated","Other","Firefox",1,"NA","NA","NA"
"682","yieldmo.com",1,TRUE,TRUE,"1","1",1,"AppInitiated","YieldMo Inc.","Firefox",1,"Tracker","Advertising, FingerprintingGeneral","advertising"
"683","z-m-static.xx.fbcdn.net",1,TRUE,FALSE,"2","1",1,"AppInitiated","Meta","20 Minuten",1,"NA","NA","NA"
"684","zc.adswizz.com",1,TRUE,TRUE,"2","1",14,"AppInitiated","Other","20 Minuten",1,"NA","NA","NA"
"685","zendesk-eu.my.sentry.io",1,TRUE,FALSE,"2","1",1,"AppInitiated","Other","Ricardo",1,"NA","NA","NA"
