"","domain","total_hits","TrackerBlackList","domainType","domainClassification","hits_sum","initiatedType","DomainOwnerName","apps","apps_count","CategoryNoTrack","CategoryDisconnect","CategoryLockdown"
"1","firebase-settings.crashlytics.com",62,TRUE,"1","1",148,"AppInitiated","Google","Hitman, Bitwarden, Jodel, FAZ, Solitaire, DER SPIEGEL, Ricardo, Yuh, Reddit, Traffic Escape, Trainline, Spotify, Tutti, Twitter, BBCWorldService, Le Monde, eBay, Blick, Play SRF, Uber, Migros, RTS, Post, Revolut, SBB, Perplexity, Zwift, Slopes, bergfex, Freedom, AppBox Pro, Komoot, WhiteRisk, Salt",34,"NA","NA","NA"
"2","firebaselogging-pa.googleapis.com",57,TRUE,"1","1",480,"AppInitiated","Google","Hitman, Bitwarden, Jodel, Solitaire, DER SPIEGEL, Steam, Ricardo, Yuh, Reddit, Traffic Escape, Spotify, Tutti, Twitter, Le Monde, eBay, Blick, Neon, Play SRF, Migros, Trainline, RTS, Post, Revolut, SBB, Perplexity, Zwift, Slopes, bergfex, Freedom, AppBox Pro, WhiteRisk",31,"Tracker","NA","NA"
"3","firebaseremoteconfig.googleapis.com",40,FALSE,"1, 2","1",122,"AppInitiated","Google","Hitman, Jodel, FAZ, Solitaire, DER SPIEGEL, Brave, Ricardo, Traffic Escape, Coffee Golf, 20 Minuten, Tutti, Blick, Play SRF, SRF Player, Uber, Galaxus, Migros, Digitec, Post, Revolut, Perplexity, Zwift, Sony Headphones, Slopes, bergfex, Freedom, RTS",27,"NA","NA","NA"
"4","g.doubleclick.net",35,TRUE,"1","1",543,"AppInitiated","Google","Hitman, Youtube, Jodel, FAZ, Solitaire, DER SPIEGEL, Ricardo, Traffic Escape, Coffee Golf, 20 Minuten, Trainline, Tutti, Twitter, BBCWorldService, Le Monde, Bumble, Instagram, Blick, Uber, Post, Search.ch, AppBox Pro",22,"NA","NA","NA"
"5","metrics.icloud.com",33,TRUE,"2","1",63,"AppInitiated","Apple","Apple Photos, Apple Maps, Stanley Parable, Apple Reminders, Apple Shortcuts, Apple Books, Apple Wallet, WhatsApp, Microsoft Authenticator, Apple Notes, Phone App, Apple Mail, Apple Fitness, Windy, Signal, Apple Weather",16,"Tracker","NA","NA"
"6","pagead2.googlesyndication.com",19,TRUE,"1","1",166,"AppInitiated","Google","Hitman, Youtube, FAZ, Solitaire, DER SPIEGEL, Ricardo, Traffic Escape, Coffee Golf, 20 Minuten, Tutti, Twitter, Blick, AliExpress, Post, Search.ch",15,"NA","NA","NA"
"7","ca.iadsdk.apple.com",16,TRUE,"2","1",45,"AppInitiated","Apple","AoE Mobile, FAZ, Threads, Flo, Discord, Uber, Amazon Kindle, AliExpress, Alibaba, Slopes, Spotify",11,"NA","NA","NA"
"8","google.com",16,TRUE,"2, 1","1",121,"AppInitiated","Google","Youtube, Google Maps, DER SPIEGEL, Brave, Firefox Klar, Firefox, Instagram, Tutti, Perplexity, Search.ch",10,"NA","Content","NA"
"9","app-measurement.com",15,TRUE,"1","1",199,"AppInitiated","Google","AoE Mobile, Watson, Spotify, Twitter, BBCWorldService, Neon, Uber, Alibaba, AppBox Pro",9,"Tracker","NA","NA"
"10","cdn.cookielaw.org",15,TRUE,"2","1",83,"AppInitiated","OneTrust","Jodel, Watson, Brave, Ricardo, 20 Minuten, Trainline, Tutti, Blick, Search.ch, Local.ch",10,"NA","NA","NA"
"11","googletagmanager.com",15,TRUE,"1","1",56,"AppInitiated","Google","DER SPIEGEL, Brave, Ricardo, 20 Minuten, Tutti, Firefox, Instagram, Blick, Galaxus, Digitec, Search.ch, Local.ch",12,"Tracker","NA","NA"
"12","graph.facebook.com",15,FALSE,"1","1",337,"AppInitiated","Meta","Facebook, Plague.Inc, Watson, Threads, Coffee Golf, Strava, Messenger, BBCWorldService, Instagram",9,"NA","NA","NA"
"13","gstatic.com",15,TRUE,"2","1",142,"AppInitiated","Google","Youtube, FAZ, Solitaire, Brave, 20 Minuten, Twitter, Firefox, Blick, Google Maps, Uber, Alibaba, Search.ch",12,"NA","Content","NA"
"14","in.appcenter.ms",15,FALSE,"1","1",60,"AppInitiated","Microsoft","FAZ, Microsoft Authenticator, Watson, 20 Minuten, SRF Player, OneDrive, Outlook",7,"NA","NA","NA"
"15","ingest.sentry.io",15,FALSE,"1","1",194,"AppInitiated","Functional Software","DeepSeek, Bluesky, Jodel, Strava, Firefox, Discord, Ricardo, Working Bicycle, Firefox Klar",9,"Tracker","NA","NA"
"16","googleapis.com",12,TRUE,"2","1",129,"AppInitiated","Google","Hitman, Youtube, Google Maps, Brave, Uber, Google Drive, Google Authenticator, Gmail",8,"NA","Content","NA"
"17","crashlyticsreports-pa.googleapis.com",11,TRUE,"1","1",17,"AppInitiated","Google","Reddit, Tutti, Twitter, Ricardo, Yuh, Post, Perplexity, Revolut, Freedom, Komoot",10,"Tracker","NA","NA"
"18","region1.app-measurement.com",11,FALSE,"1","1",416,"AppInitiated","Google","AoE Mobile, Spotify, Twitter, Uber, Alibaba, AppBox Pro",6,"NA","NA","NA"
"19","cdn.branch.io",10,TRUE,"2","1",470,"AppInitiated","Branch","Jodel, Reddit, Spotify, Strava",4,"NA","NA","NA"
"20","cloud.unity3d.com",9,FALSE,"1","1",67,"AppInitiated","Unity Inc.","Hitman, Traffic Escape, Coffee Golf, Getting Over It",4,"NA","NA","NA"
"21","tpc.googlesyndication.com",9,TRUE,"2","1",31,"AppInitiated","Google","FAZ, Solitaire, DER SPIEGEL, 20 Minuten, Twitter, Blick, Post, Search.ch",8,"NA","NA","NA"
"22","acdn.adnxs.com",8,TRUE,"2","1",45,"AppInitiated","Microsoft","DER SPIEGEL, Ricardo, Tutti, Blick, Search.ch",5,"NA","NA","NA"
"23","ads.vungle.com",8,FALSE,"1","1",29,"AppInitiated","Vungle Inc.","Hitman, Jodel, Solitaire, Traffic Escape, Coffee Golf",5,"NA","NA","NA"
"24","facebook.com",8,TRUE,"1","1",71,"AppInitiated","Meta","Facebook, DER SPIEGEL, Brave, Threads, 20 Minuten, Messenger, Firefox, Instagram",8,"NA","FingerprintingGeneral, Social","social"
"25","googleads.g.doubleclick.net",8,TRUE,"1","1",17,"AppInitiated","Google","Tutti, Le Monde, Ricardo, Post, Coffee Golf, AppBox Pro",6,"NA","NA","advertising"
"26","xp.apple.com",8,TRUE,"2","1",43,"AppInitiated","Apple","App Store, Apple Books, Apple Music",3,"NA","NA","NA"
"27","youtube.com",8,TRUE,"2","1",422,"AppInitiated, NonAppInitiated","Google","Youtube, 20 Minuten, Signal, WhatsApp, Perplexity",5,"NA","Content","NA"
"28","ad.doubleclick.net",7,TRUE,"2","1",121,"AppInitiated","Google","Youtube, Jodel, DER SPIEGEL, 20 Minuten, Instagram, Blick, Search.ch",7,"NA","NA","advertising"
"29","ade.googlesyndication.com",7,TRUE,"2","1",125,"AppInitiated","Google","Youtube, DER SPIEGEL, Ricardo, 20 Minuten, Blick, Search.ch",6,"NA","NA","NA"
"30","ae.iads.unity3d.com",7,TRUE,"2","1",19,"AppInitiated","Unity Software","Hitman, Solitaire, Traffic Escape, Coffee Golf",4,"NA","NA","NA"
"31","cdn-f.adsmoloco.com",7,TRUE,"1","1",11,"AppInitiated","Moloco Inc.","Hitman, Traffic Escape, Coffee Golf, Twitter",4,"NA","NA","NA"
"32","cdn.iads.unity3d.com",7,TRUE,"2","1",17,"AppInitiated","Unity Software","Hitman, Solitaire, Traffic Escape, Coffee Golf",4,"NA","NA","NA"
"33","cdn2.inner-active.mobi",7,TRUE,"2","1",19,"AppInitiated","Other","Hitman, Solitaire, Traffic Escape, Coffee Golf",4,"NA","NA","NA"
"34","d.applovin.com",7,TRUE,"2","1",14,"AppInitiated","Other","Hitman, Solitaire, Traffic Escape, Coffee Golf",4,"NA","NA","NA"
"35","i-sdk.mediation.unity3d.com",7,TRUE,"2","1",16,"AppInitiated","Unity Software","Hitman, Solitaire, Traffic Escape, Coffee Golf",4,"NA","NA","NA"
"36","ib.adnxs.com",7,TRUE,"1","1",32,"AppInitiated","Microsoft","FAZ, DER SPIEGEL, Ricardo, Blick, Search.ch",5,"NA","NA","NA"
"37","ms.applovin.com",7,TRUE,"2","1",16,"AppInitiated","Other","Hitman, Solitaire, Traffic Escape, Coffee Golf",4,"NA","NA","NA"
"38","o-sdk.mediation.unity3d.com",7,TRUE,"2","1",30,"AppInitiated","Unity Software","Hitman, Solitaire, Traffic Escape, Coffee Golf",4,"NA","NA","NA"
"39","rt.applovin.com",7,TRUE,"2","1",18,"AppInitiated","Other","Hitman, Solitaire, Traffic Escape, Coffee Golf",4,"NA","NA","NA"
"40","sdk-events.inner-active.mobi",7,TRUE,"1","1",15,"AppInitiated","Digital Turbine","Hitman, Solitaire, Traffic Escape, Coffee Golf",4,"NA","NA","NA"
"41","unityads.unity3d.com",7,TRUE,"1","1",19,"AppInitiated","Unity Inc.","Hitman, Solitaire, Traffic Escape, Coffee Golf",4,"Advertising","NA","NA"
"42","accounts.google.com",6,TRUE,"2","1",70,"AppInitiated","Google","Google Maps, 20 Minuten, Gmail",3,"NA","NA","NA"
"43","amazon.de",6,TRUE,"2","1",16,"AppInitiated","Amazon","Amazon Kindle",1,"NA","Advertising","advertising"
"44","api.kochava.com",6,TRUE,"1","1",8,"AppInitiated","Kochava","Audible, Amazon Kindle",2,"NA","NA","NA"
"45","google-analytics.com",6,TRUE,"1","1",18,"AppInitiated","Google","Brave, Ricardo, Traffic Escape, Firefox, Instagram",5,"Tracker","Email, Analytics, FingerprintingGeneral","privacy"
"46","googletagservices.com",6,TRUE,"2","1",19,"AppInitiated","Google","FAZ, Solitaire, 20 Minuten, Blick, Post, Search.ch",6,"Tracker","Advertising, FingerprintingGeneral","advertising"
"47","m.media-amazon.com",6,TRUE,"2","1",15,"AppInitiated","Amazon","Amazon Echo, Amazon Kindle, Audible",3,"NA","NA","NA"
"48","ms4.applovin.com",6,TRUE,"1","1",13,"AppInitiated","AppLovin Corp.","Solitaire, Traffic Escape, Coffee Golf",3,"NA","NA","NA"
"49","a.teads.tv",5,TRUE,"2","1",23,"AppInitiated","Other","DER SPIEGEL, 20 Minuten, Blick, Search.ch",4,"NA","NA","NA"
"50","assets.adobedtm.com",5,TRUE,"2","1",11,"AppInitiated","Adobe","FAZ, Audible, DER SPIEGEL",3,"NA","NA","NA"
"51","csi.gstatic.com",5,TRUE,"2","1",11,"AppInitiated","Google","20 Minuten, Twitter, Blick, Ricardo, Search.ch",5,"NA","NA","NA"
"52","dpm.demdex.net",5,TRUE,"1","1",5,"AppInitiated","Adobe","FAZ, Audible, DER SPIEGEL",3,"NA","NA","NA"
"53","events.mapbox.com",5,TRUE,"2","1",168,"AppInitiated","Other","Strava, Slopes",2,"Tracker","NA","NA"
"54","fundingchoicesmessages.google.com",5,TRUE,"2","1",11,"AppInitiated","Google","Traffic Escape, Coffee Golf",2,"NA","NA","NA"
"55","google.ch",5,TRUE,"2","1",14,"AppInitiated","Google","DER SPIEGEL, Firefox, Instagram, Search.ch",4,"NA","Content","NA"
"56","googleadservices.com",5,TRUE,"1","1",28,"AppInitiated","Google","Youtube, DER SPIEGEL, Firefox, Alibaba, Google Maps",5,"Advertising","Advertising, FingerprintingGeneral","advertising"
"57","linkedin.com",5,TRUE,"2, 1","1",17,"AppInitiated, NonAppInitiated","Microsoft","LinkedIn, Apple Mail",2,"NA","Social","social"
"58","sc.omtrdc.net",5,TRUE,"1","1",11,"AppInitiated","Adobe","FAZ, Audible, DER SPIEGEL",3,"NA","NA","NA"
"59","sts.applovin.com",5,TRUE,"2","1",9,"AppInitiated","Other","Traffic Escape, Coffee Golf",2,"NA","NA","NA"
"60","api.adnz.co",4,TRUE,"2","1",10,"AppInitiated","Other","DER SPIEGEL, Blick, Search.ch",3,"NA","NA","NA"
"61","cdn-lb.vungle.com",4,TRUE,"2","1",4,"AppInitiated","Other","Hitman, Solitaire, Traffic Escape, Coffee Golf",4,"NA","NA","NA"
"62","cdn.confiant-integrations.net",4,TRUE,"2","1",9,"AppInitiated","Other","Firefox, Blick, Search.ch",3,"NA","NA","NA"
"63","cdn.jsdelivr.net",4,TRUE,"2","1",5,"AppInitiated","Other","DER SPIEGEL, 20 Minuten, Search.ch",3,"NA","Content","NA"
"64","cdnjs.cloudflare.com",4,TRUE,"2","1",4,"AppInitiated","Other","Instagram, Blick, Local.ch, Search.ch",4,"NA","NA","NA"
"65","combine.urbanairship.com",4,TRUE,"1","1",55,"AppInitiated","United Airship Inc.","SRF Player, RTS",2,"NA","NA","NA"
"66","device-api.urbanairship.com",4,TRUE,"1","1",12,"AppInitiated","United Airship Inc.","SRF Player, RTS",2,"NA","NA","NA"
"67","gnar.grammarly.com",4,TRUE,"2","1",64,"AppInitiated","Other","Grammarly",1,"NA","NA","NA"
"68","ib.adnxs-simple.com",4,TRUE,"2","1",51,"AppInitiated","Microsoft","20 Minuten, Tutti, Ricardo",3,"NA","NA","NA"
"69","id5-sync.com",4,TRUE,"2, 1","1",13,"AppInitiated","Other, ID5 Technology","DER SPIEGEL, Firefox, Search.ch",3,"Advertising","Advertising","NA"
"70","ih.adscale.de",4,TRUE,"2","1",6,"AppInitiated","Other","Instagram, Ricardo, Search.ch",3,"NA","NA","NA"
"71","img.applovin.com",4,TRUE,"2","1",5,"AppInitiated","Other","Solitaire, Traffic Escape, Coffee Golf",3,"NA","NA","NA"
"72","instagram.com",4,TRUE,"2","1",7,"AppInitiated","Meta","20 Minuten, Signal, Instagram",3,"NA","Content","NA"
"73","o352714.ingest.sentry.io",4,FALSE,"1","1",28,"AppInitiated","Functional Software","Strava",1,"NA","NA","NA"
"74","pdst.fm",4,TRUE,"2","1",54,"AppInitiated","Other","Spotify",1,"NA","Analytics","NA"
"75","ping.chartbeat.net",4,TRUE,"2","1",53,"AppInitiated","Other","Play SRF, RTS",2,"NA","NA","NA"
"76","region1.google-analytics.com",4,TRUE,"1","1",15,"AppInitiated","Google","Ricardo, Instagram, Local.ch",3,"NA","NA","NA"
"77","remote-data.urbanairship.com",4,TRUE,"2","1",43,"AppInitiated","Other","SRF Player, RTS",2,"NA","NA","NA"
"78","res1.applovin.com",4,TRUE,"2","1",6,"AppInitiated","Other","Solitaire, Traffic Escape, Coffee Golf",3,"NA","NA","NA"
"79","rules.aatkit.com",4,TRUE,"1","1",42,"AppInitiated","AddApptr","Ricardo, Tutti",2,"NA","NA","NA"
"80","rules2.aatkit.com",4,TRUE,"2","1",42,"AppInitiated","Other","Ricardo, Tutti",2,"NA","NA","NA"
"81","rules3.aatkit.com",4,TRUE,"1","1",39,"AppInitiated","AddApptr","Ricardo, Tutti",2,"NA","NA","NA"
"82","t.teads.tv",4,TRUE,"2","1",48,"AppInitiated","Other","Ricardo, 20 Minuten, Blick",3,"NA","NA","NA"
"83","tracking.aatkit.com",4,TRUE,"1","1",80,"AppInitiated","AddApptr","Ricardo, Tutti",2,"NA","NA","NA"
"84","acs.m.taobao.com",3,TRUE,"2","1",6,"AppInitiated","Other","AliExpress, Alibaba",2,"NA","NA","NA"
"85","ad.yieldlab.net",3,TRUE,"2","1",9,"AppInitiated","Other","DER SPIEGEL, Blick, Ricardo",3,"NA","NA","NA"
"86","ads.stickyadstv.com",3,TRUE,"2","1",3,"AppInitiated","Other","DER SPIEGEL, Ricardo, Blick",3,"NA","NA","NA"
"87","adx.adform.net",3,TRUE,"2","1",11,"AppInitiated","Other","DER SPIEGEL, Search.ch",2,"NA","NA","NA"
"88","amazon.com",3,TRUE,"2","1",5,"AppInitiated","Amazon","Amazon Kindle",1,"NA","Content","NA"
"89","amplify.outbrain.com",3,TRUE,"2","1",19,"AppInitiated","Other","DER SPIEGEL, Ricardo",2,"NA","NA","NA"
"90","api-sdk.datadome.co",3,TRUE,"1","1",6,"AppInitiated","DataDome","Trainline",1,"NA","NA","NA"
"91","api.leanplum.com",3,TRUE,"1","1",5,"AppInitiated","CleverTap","Trainline",1,"NA","NA","NA"
"92","api.onesignal.com",3,FALSE,"1","1",24,"AppInitiated","OneSignal","Watson, NFL, Blick",3,"NA","NA","NA"
"93","api.revenuecat.com",3,FALSE,"1","1",27,"AppInitiated","RevenueCat","Jodel, Delta Emulator, Perplexity",3,"NA","NA","NA"
"94","bat.bing.com",3,TRUE,"1","1",21,"AppInitiated","Microsoft","DER SPIEGEL, Ricardo",2,"Tracker","Advertising","NA"
"95","c.amazon-adsystem.com",3,TRUE,"2","1",10,"AppInitiated","Amazon","Solitaire, DER SPIEGEL, Traffic Escape",3,"NA","NA","NA"
"96","cdn.doubleverify.com",3,TRUE,"2","1",6,"AppInitiated","DoubleVerify Holdings Inc.","20 Minuten, Blick, Search.ch",3,"NA","NA","NA"
"97","cmp.lemonde.fr",3,TRUE,"2","1",14,"AppInitiated","Other","Le Monde",1,"NA","NA","NA"
"98","control.kochava.com",3,TRUE,"1","1",13,"AppInitiated","Kochava","Amazon Kindle",1,"NA","NA","NA"
"99","ct.pinterest.com",3,TRUE,"2","1",15,"AppInitiated","Other","Ricardo, Instagram",2,"Tracker","NA","NA"
"100","d3nn82uaxijpm6.cloudfront.net",3,TRUE,"2","1",4,"AppInitiated","Other","Strava",1,"NA","NA","NA"
"101","dsum-sec.casalemedia.com",3,TRUE,"1","1",3,"AppInitiated","Index Exchange","Instagram, Blick, Ricardo",3,"NA","NA","NA"
"102","dt.adsafeprotected.com",3,TRUE,"2","1",7,"AppInitiated","Other","DER SPIEGEL, 20 Minuten, Tutti",3,"NA","NA","NA"
"103","engine.adzerk.net",3,TRUE,"2","1",5,"AppInitiated","Other","Strava",1,"NA","NA","NA"
"104","eu-mobile.events.data.microsoft.com",3,TRUE,"2","1",6,"AppInitiated","Microsoft","Outlook",1,"NA","NA","NA"
"105","events.ocdn.eu",3,TRUE,"2","1",11,"AppInitiated","Other","Blick, Search.ch",2,"NA","NA","NA"
"106","fls-na.amazon.com",3,TRUE,"2","1",5,"AppInitiated","Amazon","Amazon Kindle",1,"NA","NA","NA"
"107","fra-01.braze.eu",3,TRUE,"1","1",5,"AppInitiated","Braze Inc.","Trainline",1,"NA","NA","NA"
"108","gcdn.2mdn.net",3,TRUE,"2","1",7,"AppInitiated","Other","20 Minuten, Blick, Search.ch",3,"NA","NA","NA"
"109","grid-bidder.criteo.com",3,TRUE,"2","1",11,"AppInitiated","Other","DER SPIEGEL, Search.ch",2,"NA","NA","NA"
"110","gum.criteo.com",3,TRUE,"1","1",10,"AppInitiated","Criteo SA","DER SPIEGEL, Search.ch",2,"NA","NA","NA"
"111","imasdk.googleapis.com",3,TRUE,"2","1",8,"AppInitiated","Google","20 Minuten, Twitter, Search.ch",3,"NA","NA","advertising"
"112","incoming.telemetry.mozilla.org",3,TRUE,"2","1",17,"AppInitiated","Mozilla Firefox","Firefox, Firefox Klar",2,"Tracker","NA","NA"
"113","lb.eu-1-id5-sync.com",3,TRUE,"2","1",10,"AppInitiated","Other","DER SPIEGEL, Search.ch",2,"NA","NA","NA"
"114","mz.unity3d.com",3,FALSE,"1","1",9,"AppInitiated","Unity Inc.","Hitman, Solitaire, Coffee Golf",3,"NA","NA","NA"
"115","pixel.adsafeprotected.com",3,TRUE,"2","1",9,"AppInitiated","Other","DER SPIEGEL, Tutti, Search.ch",3,"NA","NA","advertising"
"116","platform.twitter.com",3,TRUE,"2","1",10,"AppInitiated","Twitter Inc.","DER SPIEGEL, 20 Minuten, Le Monde",3,"NA","NA","NA"
"117","pubads.g.doubleclick.net",3,TRUE,"1","1",4,"AppInitiated","Google","Tutti, Post",2,"NA","NA","advertising"
"118","reporting.aatkit.com",3,TRUE,"2","1",24,"AppInitiated","Other","Tutti, Ricardo",2,"NA","NA","NA"
"119","s0.2mdn.net",3,TRUE,"2","1",20,"AppInitiated","Other","DER SPIEGEL, 20 Minuten, Blick",3,"NA","NA","NA"
"120","sdk.out.usbla.net",3,TRUE,"2","1",5,"AppInitiated","Other","Trainline",1,"NA","NA","NA"
"121","srf.ch",3,TRUE,"2","1",8,"AppInitiated","Other","Firefox Klar, Play SRF, SRF Player",3,"NA","NA","NA"
"122","static.adsafeprotected.com",3,TRUE,"2","1",3,"AppInitiated","Other","DER SPIEGEL, 20 Minuten, Tutti",3,"NA","NA","NA"
"123","static.cloudflareinsights.com",3,TRUE,"2","1",6,"AppInitiated","Other","Ricardo, Instagram",2,"Tracker","NA","NA"
"124","t.co",3,TRUE,"1","1",6,"AppInitiated","Twitter Inc.","20 Minuten, Twitter, Firefox",3,"NA","Advertising","NA"
"125","tps.doubleverify.com",3,TRUE,"2","1",8,"AppInitiated","DoubleVerify Holdings Inc.","20 Minuten, Blick, Search.ch",3,"NA","NA","NA"
"126","tr.iadsdk.apple.com",3,TRUE,"2","1",16,"AppInitiated","Apple","App Store",1,"NA","NA","NA"
"127","twitter.com",3,TRUE,"2, 1","1",3,"AppInitiated","Twitter Inc.","20 Minuten, Twitter, Firefox",3,"NA","Social","social"
"128","w.usabilla.com",3,TRUE,"2","1",5,"AppInitiated","Other","Trainline",1,"NA","NA","NA"
"129","ws.batch.com",3,TRUE,"2","1",48,"AppInitiated","Other","Le Monde",1,"NA","NA","NA"
"130","wv.inner-active.mobi",3,TRUE,"1","1",5,"AppInitiated","Digital Turbine","Solitaire, Coffee Golf",2,"NA","NA","NA"
"131","20min.ch",2,TRUE,"2","1",46,"AppInitiated","TX Group AG","20 Minuten",1,"NA","NA","NA"
"132","aax-eu.amazon-adsystem.com",2,TRUE,"1","1",9,"AppInitiated","Amazon","Solitaire, DER SPIEGEL",2,"NA","NA","NA"
"133","aax.amazon-adsystem.com",2,TRUE,"1","1",9,"AppInitiated","Amazon","Solitaire, DER SPIEGEL",2,"NA","NA","NA"
"134","adashx4ae.ut.taobao.com",2,TRUE,"2","1",21,"AppInitiated","Other","AliExpress",1,"Advertising","NA","NA"
"135","adnz.co",2,TRUE,"2","1",3,"AppInitiated","Other","DER SPIEGEL, Blick",2,"NA","NA","NA"
"136","ads.yieldmo.com",2,TRUE,"1","1",2,"AppInitiated","YieldMo Inc.","Ricardo, Blick",2,"NA","NA","NA"
"137","adservice.google.com",2,TRUE,"2","1",10,"AppInitiated","Google","Jodel, Instagram",2,"Advertising","Advertising, FingerprintingGeneral","NA"
"138","aeis.alicdn.com",2,TRUE,"2","1",4,"AppInitiated","Alibaba Group","AliExpress, Alibaba",2,"NA","FingerprintingInvasive","NA"
"139","aliexpress.com",2,TRUE,"2","1",3,"AppInitiated","Alibaba Group","Brave, AliExpress",2,"NA","NA","NA"
"140","analytics.tiktok.com",2,TRUE,"1, 2","1",8,"AppInitiated","ByteDance Ltd.","DER SPIEGEL, Firefox",2,"Tracker","NA","NA"
"141","ap.lijit.com",2,TRUE,"2","1",7,"AppInitiated","Other","DER SPIEGEL, Blick",2,"NA","NA","NA"
"142","api16-access-sg.pangle.io",2,TRUE,"2","1",24,"AppInitiated","Other","Jodel, Traffic Escape",2,"NA","NA","NA"
"143","api2.amplitude.com",2,TRUE,"1","1",15,"AppInitiated","Amplitude","bergfex",1,"NA","NA","NA"
"144","assets.alicdn.com",2,TRUE,"2","1",9,"AppInitiated","Alibaba Group","AliExpress, Alibaba",2,"NA","FingerprintingInvasive","NA"
"145","browser-intake-datadoghq.eu",2,TRUE,"2","1",2,"AppInitiated","Other","Galaxus, Digitec",2,"Tracker","NA","NA"
"146","c2.piano.io",2,TRUE,"2","1",6,"AppInitiated","Other","Brave, Blick",2,"NA","NA","NA"
"147","cdn-a.yieldlove.com",2,TRUE,"2","1",3,"AppInitiated","Other","Search.ch",1,"NA","NA","NA"
"148","cdn-settings.appsflyersdk.com",2,TRUE,"2","1",7,"AppInitiated","AppsFlyer","Ricardo",1,"NA","NA","NA"
"149","cdn.adnxs.com",2,TRUE,"2","1",2,"AppInitiated","Microsoft","DER SPIEGEL, Blick",2,"NA","NA","NA"
"150","cdn.forter.com",2,FALSE,"1","1",6,"AppInitiated","Forter Inc.","eBay",1,"NA","NA","NA"
"151","cdn.mcauto-images-production.sendgrid.net",2,FALSE,"1","1",2,"NonAppInitiated","Other","Apple Mail",1,"NA","NA","NA"
"152","cdn.scarabresearch.com",2,TRUE,"2","1",12,"AppInitiated","Other","Ricardo",1,"NA","NA","NA"
"153","cdn.teads.tv",2,TRUE,"2","1",20,"AppInitiated","Other","20 Minuten, Blick",2,"NA","NA","NA"
"154","cdn4.forter.com",2,TRUE,"1","1",6,"AppInitiated","Forter Inc.","eBay",1,"NA","FingerprintingGeneral","NA"
"155","clarity.ms",2,TRUE,"2","1",8,"AppInitiated","Other","Freedom",1,"Tracker","Analytics","NA"
"156","collector.lunalabs.io",2,FALSE,"1","1",2,"AppInitiated","Unity Inc., Other","Solitaire, Traffic Escape",2,"NA","NA","NA"
"157","config.inmobi.com",2,TRUE,"1","1",6,"AppInitiated","InMobi Pte","Jodel, Traffic Escape",2,"NA","NA","NA"
"158","csr.onet.pl",2,TRUE,"2","1",4,"AppInitiated","Other","Search.ch",1,"NA","NA","NA"
"159","data.adobedc.net",2,FALSE,"1","1",8,"AppInitiated","Adobe","FAZ, DER SPIEGEL",2,"NA","NA","NA"
"160","doubleclick.net",2,TRUE,"1","1",3,"AppInitiated","Google","Brave, Firefox",2,"Advertising","Email, Advertising, FingerprintingGeneral","advertising"
"161","eb2.3lift.com",2,TRUE,"1","1",2,"AppInitiated","TripleLift","Blick, Ricardo",2,"NA","NA","NA"
"162","eservice.emarsys.net",2,FALSE,"1","1",45,"AppInitiated","SAP SE","Ricardo",1,"NA","NA","NA"
"163","facebook.net",2,TRUE,"1","1",2,"AppInitiated","Meta","Brave, Firefox",2,"NA","FingerprintingGeneral, Social","social"
"164","fourier.taobao.com",2,TRUE,"2","1",2,"AppInitiated","Other","AliExpress, Alibaba",2,"Tracker","NA","NA"
"165","g.alicdn.com",2,TRUE,"2","1",2,"AppInitiated","Alibaba Group","AliExpress, Alibaba",2,"NA","FingerprintingInvasive","NA"
"166","geolocation.onetrust.com",2,TRUE,"2","1",3,"AppInitiated","Other","Brave, Local.ch",2,"NA","NA","NA"
"167","gj.mmstat.com",2,TRUE,"2","1",2,"AppInitiated","Other","AliExpress, Alibaba",2,"NA","NA","NA"
"168","h-adashx4ae.ut.taobao.com",2,TRUE,"2","1",33,"AppInitiated","Other","AliExpress",1,"NA","NA","NA"
"169","hb.adscale.de",2,TRUE,"2","1",4,"AppInitiated","Other","Search.ch",1,"NA","NA","NA"
"170","hcaptcha.com",2,TRUE,"2","1",2,"AppInitiated","Other","Discord, Ricardo",2,"NA","FingerprintingInvasive, Anti-fraud","NA"
"171","htlb.casalemedia.com",2,TRUE,"2, 1","1",8,"AppInitiated","Other","DER SPIEGEL, Firefox",2,"NA","NA","NA"
"172","iad-06.braze.com",2,TRUE,"1","1",8,"AppInitiated","Braze Inc.","Freedom",1,"NA","NA","NA"
"173","images-na.ssl-images-amazon.com",2,TRUE,"2","1",2,"AppInitiated","Amazon","Amazon Kindle",1,"NA","Analytics","NA"
"174","images.outbrainimg.com",2,TRUE,"2","1",3,"AppInitiated","Other","DER SPIEGEL, Le Monde",2,"NA","NA","NA"
"175","imagesrv.adition.com",2,TRUE,"2","1",4,"AppInitiated","Other","DER SPIEGEL, Instagram",2,"NA","NA","NA"
"176","impression.appsflyer.com",2,TRUE,"1","1",4,"AppInitiated","AppsFlyer","Reddit, Traffic Escape",2,"NA","NA","NA"
"177","js.adscale.de",2,TRUE,"2","1",3,"AppInitiated","Other","Search.ch",1,"NA","NA","NA"
"178","m.facebook.com",2,TRUE,"2","1",4,"AppInitiated","Meta","Facebook, 20 Minuten",2,"NA","NA","NA"
"179","m.stripe.com",2,TRUE,"2","1",2,"AppInitiated","Other","Firefox, Ricardo",2,"NA","NA","NA"
"180","match.adsrvr.org",2,TRUE,"1","1",3,"AppInitiated","Trade Desk Inc.","DER SPIEGEL, Blick",2,"NA","NA","NA"
"181","mcdp-chidc2.outbrain.com",2,TRUE,"2","1",3,"AppInitiated","Other","DER SPIEGEL, Le Monde",2,"NA","NA","NA"
"182","mobile.adsafeprotected.com",2,TRUE,"2","1",2,"AppInitiated","Other","20 Minuten, Tutti",2,"NA","NA","NA"
"183","mv.outbrain.com",2,TRUE,"2","1",3,"AppInitiated","Other","DER SPIEGEL, Le Monde",2,"NA","NA","NA"
"184","p.teads.tv",2,TRUE,"2","1",13,"AppInitiated","Other","Ricardo",1,"NA","NA","NA"
"185","pangolin16.isnssdk.com",2,TRUE,"2","1",4,"AppInitiated","Other","Jodel, Traffic Escape",2,"NA","NA","NA"
"186","pixel.rubiconproject.com",2,TRUE,"1","1",2,"AppInitiated","Magnite Inc.","DER SPIEGEL, Ricardo",2,"NA","NA","NA"
"187","prod-ingestion.tracking.v2.yieldlove-ad-serving.net",2,TRUE,"2","1",5,"AppInitiated","Other","Search.ch",1,"NA","NA","NA"
"188","r.teads.tv",2,TRUE,"2","1",33,"AppInitiated","Other","20 Minuten, Blick",2,"NA","NA","NA"
"189","recaptcha.net",2,TRUE,"1, 2","1",22,"AppInitiated","Google, Other","Reddit, Firefox",2,"NA","Content, Anti-fraud","NA"
"190","recommender.scarabresearch.com",2,TRUE,"2","1",12,"AppInitiated","Other","Ricardo",1,"NA","NA","NA"
"191","reddit.com",2,TRUE,"2, 1","1",27,"AppInitiated","Reddit","Reddit, Firefox",2,"NA","Social","social"
"192","redditstatic.com",2,TRUE,"2, 1","1",16,"AppInitiated","Reddit","Reddit, Firefox",2,"NA","Advertising","NA"
"193","ricardo.ch",2,TRUE,"2","1",17,"AppInitiated","SMG AG","Ricardo",1,"NA","NA","NA"
"194","rtb-csync.smartadserver.com",2,TRUE,"2","1",2,"AppInitiated","Other","Instagram, Blick",2,"NA","NA","NA"
"195","s.pinimg.com",2,TRUE,"2","1",11,"AppInitiated","Other","Ricardo",1,"NA","NA","NA"
"196","s8t.teads.tv",2,TRUE,"2","1",12,"AppInitiated","Other","20 Minuten, Blick",2,"NA","NA","NA"
"197","sc-static.net",2,TRUE,"2","1",12,"AppInitiated","Other","Ricardo",1,"Advertising","Advertising","NA"
"198","search.ch",2,TRUE,"2","1",7,"AppInitiated","Other","Search.ch",1,"NA","NA","NA"
"199","secure.adnxs.com",2,TRUE,"2","1",7,"AppInitiated","Microsoft","DER SPIEGEL, Instagram",2,"NA","NA","NA"
"200","ssdk-sg.pangle.io",2,FALSE,"1","1",12,"AppInitiated","ByteDance Ltd.","Jodel, Traffic Escape",2,"NA","NA","NA"
"201","ssl.google-analytics.com",2,TRUE,"1","1",12,"AppInitiated","Google","BBCWorldService, Blick",2,"NA","NA","NA"
"202","static.ads-twitter.com",2,TRUE,"2","1",8,"AppInitiated","Twitter Inc.","DER SPIEGEL, Firefox",2,"NA","NA","NA"
"203","stocks-analytics-events.apple.com",2,TRUE,"2","1",11,"AppInitiated","Apple","Apple Stocks",1,"Tracker","NA","NA"
"204","sync.teads.tv",2,TRUE,"2","1",2,"AppInitiated","Other","Blick, Ricardo",2,"NA","NA","NA"
"205","t.adcell.com",2,TRUE,"2","1",2,"AppInitiated","Other","Brave, Instagram",2,"NA","FingerprintingInvasive","NA"
"206","token.rubiconproject.com",2,TRUE,"2","1",8,"AppInitiated","Other","DER SPIEGEL, Blick",2,"NA","NA","NA"
"207","tr.snapchat.com",2,TRUE,"1","1",18,"AppInitiated","Snap Inc.","Ricardo",1,"Tracker","NA","NA"
"208","tr6.snapchat.com",2,TRUE,"1","1",19,"AppInitiated","Snap Inc.","Ricardo",1,"NA","NA","NA"
"209","track.adform.net",2,TRUE,"2","1",3,"AppInitiated","Other","Instagram, Search.ch",2,"NA","NA","advertising"
"210","u31231550.ct.sendgrid.net",2,FALSE,"1","1",2,"NonAppInitiated","Other","Apple Mail",1,"NA","NA","NA"
"211","udm.scorecardresearch.com",2,TRUE,"2","1",4,"AppInitiated","Other","Watson, Spotify",2,"NA","NA","NA"
"212","us-u.openx.net",2,TRUE,"1","1",2,"AppInitiated","OpenX Inc.","Ricardo, Blick",2,"NA","NA","NA"
"213","view.adjust.com",2,TRUE,"1","1",4,"AppInitiated","AppLovin Corp.","Reddit, Traffic Escape",2,"NA","NA","NA"
"214","web.facebook.com",2,FALSE,"1","1",114,"AppInitiated","Meta","Messenger, Instagram",2,"NA","NA","NA"
"215","widgets.outbrain.com",2,TRUE,"2","1",3,"AppInitiated","Other","DER SPIEGEL, Le Monde",2,"NA","NA","NA"
"216","wikihow.com",2,TRUE,"2","1",3,"NonAppInitiated, AppInitiated","Other","WhatsApp, wikiHow",2,"NA","NA","NA"
"217","x.bidswitch.net",2,TRUE,"1","1",8,"AppInitiated","IPONWEB","DER SPIEGEL, Instagram",2,"NA","NA","NA"
"218","x.com",2,TRUE,"2","1",2,"AppInitiated","Other","Brave, 20 Minuten",2,"NA","Social","NA"
"219","1.1.1.1",1,TRUE,"2","2",1,"AppInitiated","Other","Signal",1,"NA","NA","NA"
"220","3lift.com",1,TRUE,"1","1",1,"AppInitiated","TripleLift","Firefox",1,"Advertising","Advertising","advertising"
"221","a.klaviyo.com",1,TRUE,"2","1",1,"AppInitiated","Other","Instagram",1,"NA","NA","NA"
"222","a.pub.network",1,TRUE,"2","1",1,"AppInitiated","Other","Firefox",1,"NA","NA","NA"
"223","a.twiago.com",1,TRUE,"2","1",1,"AppInitiated","Other","Instagram",1,"NA","NA","NA"
"224","a1.api.bbc.co.uk",1,TRUE,"2","1",1,"AppInitiated","Other","BBC",1,"Tracker","NA","NA"
"225","a4.applovin.com",1,TRUE,"2","1",3,"AppInitiated","Other","Hitman",1,"NA","NA","NA"
"226","acdn.adnxs-simple.com",1,TRUE,"2","1",2,"AppInitiated","Microsoft","Blick",1,"NA","NA","NA"
"227","ad-delivery.net",1,TRUE,"2","1",1,"AppInitiated","Other","Firefox",1,"Advertising","Advertising","advertising"
"228","ad.360yield.com",1,TRUE,"2","1",1,"AppInitiated","Other","Blick",1,"NA","NA","NA"
"229","ad.ad-srv.net",1,TRUE,"2","1",1,"AppInitiated","Other","Instagram",1,"NA","NA","NA"
"230","ad.sxp.smartclip.net",1,TRUE,"2","1",1,"AppInitiated","Other","Blick",1,"NA","NA","NA"
"231","ad11.adfarm1.adition.com",1,TRUE,"2","1",1,"AppInitiated","Other","Instagram",1,"NA","NA","NA"
"232","ad4m.at",1,TRUE,"2","1",1,"AppInitiated","Other","Instagram",1,"Tracker","Advertising","NA"
"233","adclick.g.doubleclick.net",1,TRUE,"1","1",1,"AppInitiated","Google","Spotify",1,"NA","NA","NA"
"234","adf0901f1861.cdn4.forter.com",1,FALSE,"1","1",1,"AppInitiated","Forter Inc.","eBay",1,"NA","NA","NA"
"235","adnxs.com",1,TRUE,"1","1",1,"AppInitiated","WarnerMedia","Firefox",1,"Tracker","Advertising","advertising"
"236","adobedtm.com",1,TRUE,"1","1",1,"AppInitiated","Adobe","Brave",1,"Tracker","NA","NA"
"237","ads.betweendigital.com",1,TRUE,"2","1",2,"AppInitiated","Other","DER SPIEGEL",1,"NA","NA","NA"
"238","ads.creative-serving.com",1,TRUE,"2","1",1,"AppInitiated","Other","DER SPIEGEL",1,"NA","NA","advertising"
"239","ads.mozilla.org",1,TRUE,"2","1",1,"AppInitiated","Mozilla Firefox","Firefox",1,"NA","NA","NA"
"240","ads.pubmatic.com",1,TRUE,"2","1",1,"AppInitiated","Other","DER SPIEGEL",1,"NA","NA","NA"
"241","ads.smartstream.tv",1,TRUE,"2","1",1,"AppInitiated","Other","Blick",1,"NA","NA","NA"
"242","adsensecustomsearchads.com",1,TRUE,"2","1",3,"AppInitiated","Other","Tutti",1,"NA","NA","NA"
"243","adsrvr.org",1,TRUE,"1","1",1,"AppInitiated","Trade Desk Inc.","Firefox",1,"Advertising","Advertising, FingerprintingGeneral","advertising"
"244","ae01.alicdn.com",1,FALSE,"1, 2","1",8,"AppInitiated","Alibaba Group","Brave, AliExpress, Perplexity",3,"NA","NA","NA"
"245","ajax.cloudflare.com",1,FALSE,"2, 1","1",4,"AppInitiated","Other","DER SPIEGEL, Brave",2,"NA","NA","NA"
"246","alb.reddit.com",1,TRUE,"1","1",21,"AppInitiated","Reddit","Reddit",1,"Tracker","NA","NA"
"247","alibaba.com",1,TRUE,"2","1",1,"AppInitiated","Alibaba Group","Alibaba",1,"NA","NA","NA"
"248","alicdn.com",1,TRUE,"1","1",3,"AppInitiated","Alibaba Group","Brave",1,"NA","NA","NA"
"249","amazon-adsystem.com",1,TRUE,"1","1",1,"AppInitiated","Amazon","Firefox",1,"NA","Advertising","advertising"
"250","amplitude.com",1,TRUE,"1","1",2,"AppInitiated","Amplitude","Brave",1,"Tracker","Analytics","NA"
"251","analytics.localytics.com",1,TRUE,"2","1",1,"AppInitiated","Other","FAZ",1,"NA","NA","NA"
"252","analytics.twitter.com",1,TRUE,"1","1",2,"AppInitiated","Twitter Inc.","Twitter",1,"Tracker","NA","NA"
"253","analytics.yahoo.com",1,TRUE,"1","1",1,"AppInitiated","Verizon Media","Blick",1,"Tracker","Analytics","privacy"
"254","api.gameanalytics.com",1,TRUE,"1","1",3,"AppInitiated","Mobvista","Traffic Escape",1,"NA","NA","NA"
"255","api.helpshift.com",1,FALSE,"1","1",1,"AppInitiated","Helpshift","Solitaire",1,"NA","NA","NA"
"256","api.iterable.com",1,TRUE,"1","1",1,"AppInitiated","Iterable","Zwift",1,"NA","NA","NA"
"257","api.segment.io",1,TRUE,"1","1",1,"AppInitiated","Segment Inc.","Zwift",1,"NA","NA","NA"
"258","app-analytics-v2.snapchat.com",1,TRUE,"2","1",40,"AppInitiated","Snap Inc.","Snapchat",1,"Tracker","NA","NA"
"259","app.adjust.com",1,TRUE,"1","1",2,"AppInitiated","AppLovin Corp.","Watson",1,"NA","NA","NA"
"260","appslix.g2afse.com",1,TRUE,"2","1",1,"AppInitiated","Other","Traffic Escape",1,"NA","NA","NA"
"261","assets-jpcust.jwpsrv.com",1,TRUE,"2","1",4,"AppInitiated","Other","DER SPIEGEL",1,"NA","NA","NA"
"262","assets.applovin.com",1,TRUE,"2","1",1,"AppInitiated","Other","Coffee Golf",1,"NA","NA","NA"
"263","assets.revolut.com",1,FALSE,"2, 1","1",3,"AppInitiated, NonAppInitiated","Other","Revolut, Apple Mail",2,"NA","NA","NA"
"264","ats.otto.de",1,TRUE,"2","1",2,"AppInitiated","Other","DER SPIEGEL",1,"NA","NA","NA"
"265","audid-api.taobao.com",1,TRUE,"1","1",4,"AppInitiated","Alibaba Group","AliExpress",1,"NA","NA","NA"
"266","b1sync.zemanta.com",1,TRUE,"2","1",6,"AppInitiated","Other","DER SPIEGEL",1,"NA","NA","NA"
"267","bcp.crwdcntrl.net",1,TRUE,"2","1",1,"AppInitiated","Other","Blick",1,"NA","NA","NA"
"268","beacons.ai",1,TRUE,"2","1",1,"AppInitiated","Other","Instagram",1,"NA","NA","NA"
"269","bh.contextweb.com",1,TRUE,"1","1",1,"AppInitiated","Pulsepoint","Blick",1,"NA","NA","NA"
"270","bidswitch.net",1,TRUE,"1","1",1,"AppInitiated","IPONWEB","Firefox",1,"Tracker","Advertising","advertising"
"271","bing.com",1,TRUE,"1","1",1,"AppInitiated","Microsoft","Firefox",1,"NA","Content","NA"
"272","brwsrfrm.com",1,TRUE,"2","1",1,"AppInitiated","Other","DER SPIEGEL",1,"NA","NA","NA"
"273","btloader.com",1,TRUE,"2","1",1,"AppInitiated","Other","Firefox",1,"Tracker","Advertising","NA"
"274","businessclick.ch",1,TRUE,"2","1",2,"AppInitiated","Other","Blick",1,"NA","NA","NA"
"275","buy.tinypass.com",1,TRUE,"1","1",1,"AppInitiated","Other","Brave",1,"NA","NA","NA"
"276","c.pub.network",1,TRUE,"2","1",1,"AppInitiated","Other","Firefox",1,"NA","NA","NA"
"277","cadmus.script.ac",1,TRUE,"2","1",1,"AppInitiated","Other","Traffic Escape",1,"NA","NA","NA"
"278","casalemedia.com",1,TRUE,"1","1",1,"AppInitiated","Index Exchange","Firefox",1,"Advertising","Advertising","advertising"
"279","cdn-settings.segment.com",1,TRUE,"2","1",1,"AppInitiated","Other","Zwift",1,"NA","NA","NA"
"280","cdn.hadronid.net",1,TRUE,"2","1",1,"AppInitiated","Other","Firefox",1,"NA","NA","NA"
"281","cdn.id5-sync.com",1,TRUE,"2","1",7,"AppInitiated","Other","DER SPIEGEL",1,"NA","NA","NA"
"282","cdn.liftoff-creatives.io",1,TRUE,"2","1",2,"AppInitiated","Other","Solitaire",1,"NA","NA","NA"
"283","cdn.optimizely.com",1,TRUE,"2","1",1,"AppInitiated","Other","Firefox",1,"NA","NA","NA"
"284","cdn.piano.io",1,TRUE,"2","1",1,"AppInitiated","Other","Brave",1,"NA","NA","NA"
"285","cdn.pubnative.net",1,TRUE,"2","1",1,"AppInitiated","Other","Traffic Escape",1,"NA","NA","NA"
"286","cdn.revolut.com",1,FALSE,"1","1",1,"NonAppInitiated","Other","Apple Mail",1,"NA","NA","NA"
"287","cdn.shopify.com",1,TRUE,"2","1",1,"AppInitiated","Other","Instagram",1,"NA","Content","NA"
"288","cdn.siftscience.com",1,TRUE,"2","1",1,"AppInitiated","Other","Firefox",1,"NA","NA","NA"
"289","cdn.taboola.com",1,TRUE,"2","1",1,"AppInitiated","Other","FAZ",1,"NA","NA","NA"
"290","cdp.cloud.unity3d.com",1,TRUE,"1","1",2,"AppInitiated","Unity Inc.","Coffee Golf",1,"Tracker","NA","NA"
"291","ced-ns.sascdn.com",1,TRUE,"2","1",1,"AppInitiated","Other","Blick",1,"NA","NA","NA"
"292","click.oneplus.ch",1,FALSE,"1","1",2,"NonAppInitiated","Other","Apple Mail",1,"NA","NA","NA"
"293","click.revolut.com",1,FALSE,"1","1",1,"NonAppInitiated","Other","Apple Mail",1,"NA","NA","NA"
"294","cloudflare.com",1,TRUE,"1","1",2,"AppInitiated","Cloudflare","Brave",1,"NA","Content","NA"
"295","cloudflareinsights.com",1,TRUE,"2","1",1,"AppInitiated","Other","Ricardo",1,"NA","Analytics","NA"
"296","cm.adform.net",1,TRUE,"2","1",6,"AppInitiated","Other","DER SPIEGEL",1,"NA","NA","NA"
"297","cm.adsafety.net",1,TRUE,"2","1",1,"AppInitiated","Other","Blick",1,"NA","NA","NA"
"298","cm.everesttech.net",1,TRUE,"1","1",2,"AppInitiated","Adobe","DER SPIEGEL",1,"NA","NA","NA"
"299","combine.asnapieu.com",1,TRUE,"1","1",5,"AppInitiated","United Airship Inc.","Play SRF",1,"NA","NA","NA"
"300","comcluster.cxense.com",1,TRUE,"2","1",4,"AppInitiated","Other","Blick",1,"NA","NA","NA"
"301","confiant-integrations.global.ssl.fastly.net",1,TRUE,"2","1",1,"AppInitiated","Other","Firefox",1,"NA","NA","NA"
"302","config.uca.cloud.unity3d.com",1,TRUE,"1","1",2,"AppInitiated","Unity Inc.","Coffee Golf",1,"Tracker","NA","NA"
"303","configure.rayjump.com",1,TRUE,"1","1",1,"AppInitiated","Mobvista","Hitman",1,"NA","NA","NA"
"304","configv2.unityads.unity3d.com",1,TRUE,"1","1",2,"AppInitiated","Unity Inc.","Coffee Golf",1,"NA","NA","NA"
"305","connect.facebook.net",1,TRUE,"2","1",4,"AppInitiated","Meta","Instagram",1,"NA","NA","NA"
"306","consent.api.osano.com",1,TRUE,"2","1",1,"AppInitiated","Other","Firefox",1,"NA","NA","NA"
"307","crashlogs.whatsapp.net",1,TRUE,"2","1",2,"AppInitiated","Meta","WhatsApp",1,"NA","NA","NA"
"308","creativecdn.com",1,TRUE,"2","1",6,"AppInitiated","Other","DER SPIEGEL",1,"Advertising","Advertising","advertising"
"309","criteo.com",1,TRUE,"1","1",1,"AppInitiated","Criteo SA","Firefox",1,"Advertising","Advertising","advertising"
"310","crwdcntrl.net",1,TRUE,"1","1",1,"AppInitiated","Lotame Solutions","Firefox",1,"Advertising","Advertising, FingerprintingGeneral","privacy"
"311","customerhub.vermoegenszentrum.ch",1,FALSE,"1, 2","1",2,"NonAppInitiated","Other","Apple Mail",1,"NA","NA","NA"
"312","d.pub.network",1,TRUE,"2","1",1,"AppInitiated","Other","Firefox",1,"NA","NA","NA"
"313","data.dianomi.com",1,TRUE,"2","1",1,"AppInitiated","Other","DER SPIEGEL",1,"NA","NA","NA"
"314","device-api.asnapieu.com",1,TRUE,"2","1",3,"AppInitiated","Other","Play SRF",1,"NA","NA","NA"
"315","dianomi.com",1,TRUE,"2","1",1,"AppInitiated","Other","DER SPIEGEL",1,"Advertising","Advertising","advertising"
"316","ds-aksb-a.akamaihd.net",1,TRUE,"2","1",1,"AppInitiated","Other","AliExpress",1,"NA","NA","NA"
"317","dspcluster.adfarm1.adition.com",1,TRUE,"2","1",2,"AppInitiated","Other","DER SPIEGEL",1,"NA","NA","NA"
"318","dyn.emetriq.de",1,TRUE,"2","1",1,"AppInitiated","Other","DER SPIEGEL",1,"NA","NA","NA"
"319","edge.eu1.fullstory.com",1,TRUE,"2","1",1,"AppInitiated","Other","Local.ch",1,"NA","FingerprintingGeneral","NA"
"320","edge.fullstory.com",1,TRUE,"2","1",1,"AppInitiated","Other","Local.ch",1,"NA","FingerprintingGeneral","NA"
"321","edge.safedk.com",1,TRUE,"2","1",2,"AppInitiated","Other","Traffic Escape",1,"NA","NA","NA"
"322","email.repebble.com",1,FALSE,"1","1",1,"NonAppInitiated","Other","Apple Mail",1,"NA","NA","NA"
"323","embed.reddit.com",1,TRUE,"2","1",1,"AppInitiated","Reddit","20 Minuten",1,"NA","NA","NA"
"324","eus.rubiconproject.com",1,TRUE,"2","1",3,"AppInitiated","Other","DER SPIEGEL",1,"NA","NA","NA"
"325","events.browsiprod.com",1,TRUE,"2","1",1,"AppInitiated","Other","Firefox",1,"NA","NA","NA"
"326","events.bsky.app",1,TRUE,"2","1",1,"AppInitiated","Bluesky Social PBC","Bluesky",1,"NA","NA","NA"
"327","excess.duolingo.com",1,TRUE,"2","1",3,"AppInitiated","Other","Duolingo",1,"NA","NA","NA"
"328","f-log-mobile-ios.grammarly.io",1,TRUE,"2","1",2,"AppInitiated","Other","Grammarly",1,"Tracker","NA","NA"
"329","facebookmail.com",1,FALSE,"1","1",1,"NonAppInitiated","Meta","Apple Mail",1,"NA","NA","NA"
"330","fast.a.klaviyo.com",1,TRUE,"2","1",1,"AppInitiated","Other","Instagram",1,"NA","NA","NA"
"331","fastlane.rubiconproject.com",1,TRUE,"2","1",7,"AppInitiated","Other","DER SPIEGEL",1,"NA","NA","NA"
"332","files.ricardostatic.ch",1,FALSE,"2, 1","1",2,"AppInitiated, NonAppInitiated","SMG AG","Outlook, Apple Mail",2,"NA","NA","NA"
"333","fonts.gstatic.com",1,FALSE,"2, 1","1",61,"AppInitiated, NonAppInitiated","Google","Youtube, FAZ, Solitaire, DER SPIEGEL, Brave, Ricardo, Traffic Escape, 20 Minuten, Twitter, Firefox, Instagram, Blick, Search.ch, Apple Mail, Google Maps",15,"NA","NA","NA"
"334","fra1-ib.adnxs-simple.com",1,TRUE,"2","1",1,"AppInitiated","Microsoft","20 Minuten",1,"NA","NA","NA"
"335","fra1-ib.adnxs.com",1,TRUE,"2","1",2,"AppInitiated","Microsoft","Blick",1,"NA","NA","NA"
"336","freestar-io.videoplayerhub.com",1,TRUE,"2","1",1,"AppInitiated","Other","Firefox",1,"NA","NA","NA"
"337","fw.adsafeprotected.com",1,TRUE,"2","1",1,"AppInitiated","Other","20 Minuten",1,"NA","NA","NA"
"338","g.ign.com",1,TRUE,"2","1",1,"AppInitiated","Other","Brave",1,"NA","NA","NA"
"339","g2.gumgum.com",1,TRUE,"2","1",7,"AppInitiated","Other","DER SPIEGEL",1,"NA","NA","NA"
"340","github.com",1,TRUE,"2","1",3,"AppInitiated","Other","Brave",1,"NA","NA","NA"
"341","gm.mmstat.com",1,TRUE,"2","1",1,"AppInitiated","Other","Alibaba",1,"NA","NA","NA"
"342","googlesyndication.com",1,TRUE,"1","1",1,"AppInitiated","Google","Firefox",1,"Tracker","Advertising, FingerprintingGeneral","advertising"
"343","gumgum.com",1,TRUE,"1","1",1,"AppInitiated","GumGum","Firefox",1,"Tracker","Advertising","advertising"
"344","gw.geoedge.be",1,TRUE,"2","1",2,"AppInitiated","Other","DER SPIEGEL",1,"NA","NA","NA"
"345","gw.mediation.unity3d.com",1,TRUE,"2","1",7,"AppInitiated","Unity Software","Hitman",1,"NA","NA","NA"
"346","h-sdk.online-metrix.net",1,TRUE,"2","1",1,"AppInitiated","Other","eBay",1,"NA","NA","NA"
"347","hb.yellowblue.io",1,TRUE,"2","1",1,"AppInitiated","Other","Firefox",1,"NA","NA","NA"
"348","hbopenbid.pubmatic.com",1,TRUE,"2","1",6,"AppInitiated","Other","DER SPIEGEL",1,"NA","NA","NA"
"349","hbx.media.net",1,TRUE,"2","1",1,"AppInitiated","Other","Firefox",1,"NA","NA","NA"
"350","hexagon-analytics.com",1,TRUE,"2","1",1,"AppInitiated","Other","Firefox",1,"Tracker","NA","NA"
"351","hp.com",1,TRUE,"2","1",3,"AppInitiated","Other","Brave",1,"NA","NA","advertising"
"352","i.clean.gg",1,TRUE,"2","1",1,"AppInitiated","Other","Traffic Escape",1,"NA","NA","NA"
"353","i.connectad.io",1,TRUE,"2","1",7,"AppInitiated","Other","DER SPIEGEL",1,"NA","NA","NA"
"354","i.ipromote.com",1,TRUE,"2","1",1,"AppInitiated","Other","Search.ch",1,"NA","NA","NA"
"355","ice.360yield.com",1,TRUE,"2","1",1,"AppInitiated","Other","Ricardo",1,"NA","NA","NA"
"356","idsync.rlcdn.com",1,TRUE,"2","1",1,"AppInitiated","Other","DER SPIEGEL",1,"NA","NA","NA"
"357","image2.pubmatic.com",1,TRUE,"2","1",1,"AppInitiated","Other","Blick",1,"NA","NA","NA"
"358","image6.pubmatic.com",1,TRUE,"2","1",1,"AppInitiated","Other","Blick",1,"NA","NA","NA"
"359","images.mediago.io",1,TRUE,"2","1",1,"AppInitiated","Other","Firefox",1,"NA","NA","NA"
"360","img.ricardostatic.ch",1,FALSE,"2, 1","1",48,"AppInitiated, NonAppInitiated","SMG AG","Ricardo, Tutti, Apple Mail, Outlook",4,"NA","NA","NA"
"361","in.treasuredata.com",1,TRUE,"2","1",2,"AppInitiated","Other","Solitaire",1,"NA","NA","NA"
"362","inbox.google.com",1,TRUE,"2","1",1,"AppInitiated","Google","Gmail",1,"NA","NA","social"
"363","indexww.com",1,TRUE,"1","1",1,"AppInitiated","Index Exchange","Firefox",1,"Advertising","Advertising","advertising"
"364","intake-analytics.wikimedia.org",1,TRUE,"2","1",10,"AppInitiated","Other","Wikipedia",1,"Tracker","NA","NA"
"365","iqdigital.demdex.net",1,TRUE,"2","1",8,"AppInitiated","Other","DER SPIEGEL",1,"NA","NA","NA"
"366","isx.unity3d.com",1,FALSE,"1","1",3,"AppInitiated","Unity Inc.","Hitman",1,"NA","NA","NA"
"367","js-sec.indexww.com",1,TRUE,"2","1",1,"AppInitiated","Other","DER SPIEGEL",1,"NA","NA","NA"
"368","jsdelivr.net",1,TRUE,"1","1",4,"AppInitiated","Prospect One","Brave",1,"NA","NA","NA"
"369","launches.appsflyer.com",1,TRUE,"1","1",14,"AppInitiated","AppsFlyer","Ricardo",1,"NA","NA","NA"
"370","liadm.com",1,TRUE,"1","1",1,"AppInitiated","LiveIntent Inc.","Firefox",1,"Tracker","Email, Advertising","advertising"
"371","lijit.com",1,TRUE,"1","1",1,"AppInitiated","Sovrn Holdings","Firefox",1,"Tracker","Advertising","advertising"
"372","links.reply.ricardo.ch",1,FALSE,"2, 1","1",2,"AppInitiated, NonAppInitiated","SMG AG","Outlook, Apple Mail",2,"NA","NA","NA"
"373","loadm.exelator.com",1,TRUE,"2","1",1,"AppInitiated","Other","Blick",1,"NA","NA","NA"
"374","log.outbrainimg.com",1,TRUE,"2","1",1,"AppInitiated","Other","DER SPIEGEL",1,"NA","NA","NA"
"375","mab.chartbeat.com",1,TRUE,"2","1",3,"AppInitiated","Other","Play SRF",1,"NA","NA","NA"
"376","mabping.chartbeat.net",1,TRUE,"2","1",1,"AppInitiated","Other","Play SRF",1,"NA","NA","NA"
"377","macro.adnami.io",1,TRUE,"2","1",6,"AppInitiated","Other","DER SPIEGEL",1,"NA","NA","NA"
"378","mads.amazon-adsystem.com",1,TRUE,"1","1",1,"AppInitiated","Amazon","Solitaire",1,"NA","NA","NA"
"379","mail.google.com",1,TRUE,"2","1",1,"AppInitiated","Google","Gmail",1,"NA","NA","social"
"380","mandrillapp.com",1,TRUE,"2","1",1,"AppInitiated","Other","Outlook",1,"Advertising","EmailAggressive","NA"
"381","manifest.localytics.com",1,TRUE,"2","1",1,"AppInitiated","Other","FAZ",1,"NA","NA","NA"
"382","marketingplatform.google.com",1,TRUE,"2","1",1,"AppInitiated","Google","Local.ch",1,"NA","NA","NA"
"383","match.360yield.com",1,TRUE,"2","1",1,"AppInitiated","Other","Blick",1,"NA","NA","NA"
"384","match.justpremium.com",1,TRUE,"2","1",3,"AppInitiated","Other","DER SPIEGEL",1,"NA","NA","NA"
"385","mc.sendgrid.com",1,FALSE,"1","1",1,"NonAppInitiated","Other","Apple Mail",1,"NA","NA","NA"
"386","mcusercontent.com",1,FALSE,"2, 1","1",4,"NonAppInitiated","Other","Apple Mail",1,"NA","NA","NA"
"387","me-client.eservice.emarsys.net",1,FALSE,"1","1",8,"AppInitiated","SAP SE","Ricardo",1,"NA","NA","NA"
"388","media.admob.com",1,TRUE,"2","1",1,"AppInitiated","Other","20 Minuten",1,"NA","NA","NA"
"389","mediation.adnxs.com",1,TRUE,"2","1",2,"AppInitiated","Microsoft","Blick",1,"NA","NA","NA"
"390","merchant-center-analytics.goog",1,TRUE,"2","1",1,"AppInitiated","Other","Instagram",1,"NA","Analytics","NA"
"391","mobile-events.eservice.emarsys.net",1,FALSE,"1","1",6,"AppInitiated","SAP SE","Ricardo",1,"NA","NA","NA"
"392","mollusk.apis.ign.com",1,TRUE,"2","1",1,"AppInitiated","Other","Brave",1,"NA","NA","NA"
"393","my.rtmark.net",1,TRUE,"1","1",1,"AppInitiated","Propeller Ads","Brave",1,"NA","NA","NA"
"394","n.sni.global.fastly.net",1,FALSE,"1","1",1,"AppInitiated","Fastly","Brave",1,"NA","NA","NA"
"395","npttech.com",1,TRUE,"1","1",1,"AppInitiated","Other","Brave",1,"Tracker","Advertising","NA"
"396","o-iab-notifications.mediation.unity3d.com",1,TRUE,"2","1",7,"AppInitiated","Unity Software","Hitman",1,"NA","NA","NA"
"397","o.iads.unity3d.com",1,TRUE,"2","1",7,"AppInitiated","Unity Software","Hitman",1,"NA","NA","NA"
"398","o1069899.ingest.sentry.io",1,FALSE,"1","1",6,"AppInitiated","Functional Software","Firefox Klar",1,"NA","NA","NA"
"399","o170101.ingest.sentry.io",1,FALSE,"1","1",2,"AppInitiated","Functional Software","Ricardo",1,"NA","NA","NA"
"400","o228883.ingest.sentry.io",1,FALSE,"1","1",6,"AppInitiated","Functional Software","Working Bicycle",1,"NA","NA","NA"
"401","odr.mookie1.com",1,TRUE,"2","1",1,"AppInitiated","Other","DER SPIEGEL",1,"NA","NA","NA"
"402","offer.alibaba.com",1,TRUE,"2","1",1,"AppInitiated","Alibaba Group","Traffic Escape",1,"NA","NA","NA"
"403","ogads-pa.googleapis.com",1,TRUE,"2","1",1,"AppInitiated","Google","Firefox",1,"NA","NA","NA"
"404","omtrdc.net",1,TRUE,"1","1",1,"AppInitiated","Adobe","Brave",1,"Tracker","Email, Advertising, FingerprintingGeneral","advertising"
"405","openx.net",1,TRUE,"1","1",1,"AppInitiated","OpenX Inc.","Firefox",1,"Tracker","Advertising, FingerprintingGeneral","advertising"
"406","orbidder.otto.de",1,TRUE,"2","1",7,"AppInitiated","Other","DER SPIEGEL",1,"NA","NA","NA"
"407","p.typekit.net",1,TRUE,"2","1",1,"AppInitiated","Other","FAZ",1,"Tracker","NA","NA"
"408","pagead2.googleadservices.com",1,TRUE,"2","1",1,"AppInitiated","Google","20 Minuten",1,"NA","NA","NA"
"409","partner.googleadservices.com",1,TRUE,"2","1",2,"AppInitiated","Google","Tutti",1,"NA","NA","advertising"
"410","paypal.com",1,TRUE,"2","1",1,"AppInitiated","Other","PayPal",1,"NA","Content","NA"
"411","perplexity.ai",1,TRUE,"2","1",6,"AppInitiated","Other","Perplexity",1,"NA","NA","NA"
"412","pippio.com",1,TRUE,"1","1",1,"AppInitiated","LiveRamp","Firefox",1,"Tracker","Email, Advertising","NA"
"413","pix.hyj.mobi",1,TRUE,"2","1",1,"AppInitiated","Other","Instagram",1,"NA","NA","NA"
"414","pixel.mathtag.com",1,TRUE,"2","1",1,"AppInitiated","Other","Instagram",1,"NA","NA","NA"
"415","pm.w55c.net",1,TRUE,"2","1",2,"AppInitiated","Other","DER SPIEGEL",1,"NA","NA","NA"
"416","pool.admedo.com",1,TRUE,"2","1",1,"AppInitiated","Other","DER SPIEGEL",1,"NA","NA","NA"
"417","prebid.cootlogix.com",1,TRUE,"2","1",1,"AppInitiated","Other","Firefox",1,"NA","NA","NA"
"418","pubmatic.com",1,TRUE,"1","1",1,"AppInitiated","PubMatic Inc.","Firefox",1,"Tracker","Advertising","advertising"
"419","px-intl.ucweb.com",1,TRUE,"2","1",4,"AppInitiated","Other","Alibaba",1,"NA","NA","NA"
"420","quantserve.com",1,TRUE,"1","1",1,"AppInitiated","Quantcast Corp.","Firefox",1,"Tracker","Advertising","advertising"
"421","r.linksprf.com",1,TRUE,"2","1",2,"AppInitiated","Other","Brave",1,"NA","NA","NA"
"422","remote-data.asnapieu.com",1,TRUE,"2","1",4,"AppInitiated","Other","Play SRF",1,"NA","NA","NA"
"423","rezync.com",1,TRUE,"1","1",1,"AppInitiated","Zeta Global","Firefox",1,"Tracker","Advertising","NA"
"424","rfihub.com",1,TRUE,"1","1",1,"AppInitiated","Zeta Global","Firefox",1,"Tracker","Advertising","advertising"
"425","rlcdn.com",1,TRUE,"1","1",1,"AppInitiated","LiveRamp","Firefox",1,"Tracker","Advertising","advertising"
"426","rt.udmserve.net",1,TRUE,"2","1",1,"AppInitiated","Other","Ricardo",1,"NA","NA","NA"
"427","rtb0.doubleverify.com",1,TRUE,"2","1",1,"AppInitiated","DoubleVerify Holdings Inc.","20 Minuten",1,"NA","NA","NA"
"428","rubiconproject.com",1,TRUE,"1","1",1,"AppInitiated","Rubicon Project","Firefox",1,"Tracker","Advertising","advertising"
"429","rules.quantcount.com",1,TRUE,"2","1",1,"AppInitiated","Other","Firefox",1,"NA","NA","NA"
"430","rum.hlx.page",1,TRUE,"2","1",1,"AppInitiated","Other","Brave",1,"NA","NA","NA"
"431","rumcdn.geoedge.be",1,TRUE,"2","1",5,"AppInitiated","Other","DER SPIEGEL",1,"NA","NA","NA"
"432","s.amazon-adsystem.com",1,TRUE,"2","1",1,"AppInitiated","Amazon","Solitaire",1,"NA","NA","NA"
"433","s.click.aliexpress.com",1,TRUE,"2","1",3,"AppInitiated","Alibaba Group","Brave",1,"Tracker","NA","NA"
"434","s1.adform.net",1,TRUE,"2","1",2,"AppInitiated","Other","Search.ch",1,"NA","NA","NA"
"435","s2.adform.net",1,TRUE,"2","1",1,"AppInitiated","Other","Instagram",1,"NA","NA","NA"
"436","s2s.t13.io",1,TRUE,"2","1",1,"AppInitiated","Other","Firefox",1,"NA","NA","NA"
"437","sb.scorecardresearch.com",1,TRUE,"1","1",2,"AppInitiated","comScore Inc.","Watson",1,"NA","NA","NA"
"438","scar.unityads.unity3d.com",1,TRUE,"1","1",2,"AppInitiated","Unity Inc.","Coffee Golf",1,"NA","NA","NA"
"439","scribd.com",1,TRUE,"2","1",1,"AppInitiated","Other","Firefox",1,"NA","NA","NA"
"440","script.hotjar.com",1,TRUE,"2","1",1,"AppInitiated","Other","Instagram",1,"NA","NA","NA"
"441","sdk.streamrail.com",1,TRUE,"2","1",1,"AppInitiated","Other","Firefox",1,"NA","NA","NA"
"442","securepubads.g.doubleclick.net",1,TRUE,"1","1",1,"AppInitiated","Google","Spotify",1,"NA","NA","NA"
"443","sentry.io",1,TRUE,"2","1",1,"AppInitiated","Other","Firefox",1,"NA","Analytics","NA"
"444","sessions.bugsnag.com",1,TRUE,"1","1",1,"AppInitiated","Bugsnag Inc.","BlueWallet",1,"NA","NA","NA"
"445","sf16-website-login.neutral.ttwstatic.com",1,TRUE,"2","1",1,"AppInitiated","Other","20 Minuten",1,"NA","FingerprintingGeneral","NA"
"446","sharethis.com",1,TRUE,"1","1",1,"AppInitiated","ShareThis Inc.","Brave",1,"Advertising","Social","social"
"447","sharethrough.com",1,TRUE,"1","1",1,"AppInitiated","Sharethrough Inc.","Firefox",1,"Advertising","Advertising","advertising"
"448","simage2.pubmatic.com",1,TRUE,"2","1",1,"AppInitiated","Other","Instagram",1,"NA","NA","NA"
"449","srgssr01.wt-eu02.net",1,TRUE,"2","1",5,"AppInitiated","SRG SRF","Play SRF",1,"NA","NA","NA"
"450","ssbsync.smartadserver.com",1,TRUE,"2","1",6,"AppInitiated","Other","DER SPIEGEL",1,"NA","NA","NA"
"451","ssp-csync.smartadserver.com",1,TRUE,"2","1",1,"AppInitiated","Other","Ricardo",1,"NA","NA","NA"
"452","ssum-sec.casalemedia.com",1,TRUE,"2","1",1,"AppInitiated","Other","DER SPIEGEL",1,"NA","NA","NA"
"453","static-tracking.klaviyo.com",1,TRUE,"2","1",1,"AppInitiated","Other","Instagram",1,"NA","NA","NA"
"454","static.chartbeat.com",1,TRUE,"2","1",3,"AppInitiated","Other","Play SRF",1,"NA","NA","NA"
"455","static.criteo.net",1,TRUE,"2","1",3,"AppInitiated","Other","DER SPIEGEL",1,"NA","NA","NA"
"456","static.hotjar.com",1,TRUE,"2","1",1,"AppInitiated","Other","Instagram",1,"NA","NA","NA"
"457","static.klaviyo.com",1,TRUE,"2","1",1,"AppInitiated","Other","Instagram",1,"NA","NA","NA"
"458","static.woopra.com",1,TRUE,"2","1",1,"AppInitiated","Other","Local.ch",1,"NA","NA","NA"
"459","static.xx.fbcdn.net",1,FALSE,"2, 1","1",4,"AppInitiated, NonAppInitiated","Meta","20 Minuten, Strava, Apple Mail",3,"NA","NA","NA"
"460","statsigapi.net",1,TRUE,"2","1",1,"AppInitiated","Other","Bluesky",1,"NA","NA","NA"
"461","storage.googleapis.com",1,TRUE,"2","1",1,"AppInitiated","Google","Spotify",1,"NA","NA","NA"
"462","studio-t.teads.tv",1,TRUE,"2","1",8,"AppInitiated","Other","20 Minuten",1,"NA","NA","NA"
"463","survey.survicate.com",1,TRUE,"2","1",1,"AppInitiated","Other","Firefox",1,"NA","NA","NA"
"464","sync.1rx.io",1,TRUE,"2","1",1,"AppInitiated","Other","Blick",1,"NA","NA","NA"
"465","sync.connectad.io",1,TRUE,"2","1",7,"AppInitiated","Other","DER SPIEGEL",1,"NA","NA","NA"
"466","sync.mathtag.com",1,TRUE,"2","1",2,"AppInitiated","Other","DER SPIEGEL",1,"NA","NA","NA"
"467","sync.taboola.com",1,TRUE,"2","1",1,"AppInitiated","Other","Ricardo",1,"NA","NA","NA"
"468","t2.chartboost.com",1,TRUE,"2","1",1,"AppInitiated","Other","Solitaire",1,"NA","NA","NA"
"469","teads.tv",1,TRUE,"1","1",1,"AppInitiated","Teads","Firefox",1,"Advertising","Advertising","advertising"
"470","telemetry.sdk.inmobi.com",1,TRUE,"2","1",4,"AppInitiated","Other","Jodel",1,"NA","NA","NA"
"471","temu.com",1,TRUE,"2","1",1,"AppInitiated","Other","Traffic Escape",1,"NA","NA","NA"
"472","thind.unityads.unity3d.com",1,TRUE,"1","1",2,"AppInitiated","Unity Inc.","Coffee Golf",1,"NA","NA","NA"
"473","thingortwo.g2afse.com",1,TRUE,"2","1",3,"AppInitiated","Other","Traffic Escape",1,"NA","NA","NA"
"474","thrtle.com",1,TRUE,"1","1",1,"AppInitiated","Throtle","Firefox",1,"Tracker","Advertising","NA"
"475","tiktok.com",1,TRUE,"2","1",2,"AppInitiated","ByteDance Ltd.","20 Minuten",1,"NA","Advertising, Social","NA"
"476","tlx.3lift.com",1,TRUE,"2","1",6,"AppInitiated","Other","DER SPIEGEL",1,"NA","NA","NA"
"477","tr-eu.adsmoloco.com",1,TRUE,"2","1",1,"AppInitiated","Other","Traffic Escape",1,"NA","NA","NA"
"478","tr.outbrain.com",1,TRUE,"2","1",8,"AppInitiated","Other","DER SPIEGEL",1,"NA","NA","NA"
"479","trustpilot.com",1,TRUE,"1","1",4,"AppInitiated","Trustpilot","Brave",1,"NA","Advertising","NA"
"480","tutti.ch",1,TRUE,"2","1",1,"AppInitiated","SMG AG","Ricardo",1,"NA","NA","NA"
"481","u.openx.net",1,TRUE,"2","1",6,"AppInitiated","Other","DER SPIEGEL",1,"NA","NA","NA"
"482","uct.service.usercentrics.eu",1,TRUE,"2","1",1,"AppInitiated","Other","RTS",1,"NA","NA","NA"
"483","undertone.com",1,TRUE,"1","1",1,"AppInitiated","Undertone Networks","Firefox",1,"Advertising","Advertising","advertising"
"484","unified.adsafeprotected.com",1,TRUE,"2","1",1,"AppInitiated","Other","20 Minuten",1,"NA","NA","NA"
"485","ups.xplosion.de",1,TRUE,"2","1",8,"AppInitiated","Other","DER SPIEGEL",1,"NA","NA","NA"
"486","userimg-assets.customeriomail.com",1,FALSE,"1","1",1,"NonAppInitiated","Other","Apple Mail",1,"NA","NA","NA"
"487","usermatch.targeting.unrulymedia.com",1,TRUE,"2","1",1,"AppInitiated","Other","Blick",1,"NA","NA","NA"
"488","va.tawk.to",1,TRUE,"2","1",1,"AppInitiated","Other","Instagram",1,"NA","NA","NA"
"489","vast.doubleverify.com",1,TRUE,"2","1",1,"AppInitiated","DoubleVerify Holdings Inc.","20 Minuten",1,"NA","NA","NA"
"490","vc.hotjar.io",1,TRUE,"2","1",1,"AppInitiated","Other","Instagram",1,"NA","NA","NA"
"491","vg-aws-cdn-us-east-1a-hb-bid-feedback.mtgglobals.com",1,TRUE,"2","1",4,"AppInitiated","Other","Hitman",1,"NA","NA","NA"
"492","visualwebsiteoptimizer.com",1,TRUE,"1","1",2,"AppInitiated","Wingify","Brave",1,"Tracker","Analytics","NA"
"493","vpaid.doubleverify.com",1,TRUE,"2","1",1,"AppInitiated","DoubleVerify Holdings Inc.","20 Minuten",1,"NA","NA","NA"
"494","w3-reporting.reddit.com",1,TRUE,"2","1",22,"AppInitiated","Reddit","Reddit",1,"Tracker","NA","NA"
"495","weather-analytics-events.apple.com",1,TRUE,"2","1",1,"AppInitiated","Apple","Apple Weather",1,"Tracker","NA","NA"
"496","webchannel-content.eservice.emarsys.net",1,FALSE,"1","1",3,"AppInitiated","SAP SE","Ricardo",1,"NA","NA","NA"
"497","widget-pixels.outbrain.com",1,TRUE,"2","1",1,"AppInitiated","Other","DER SPIEGEL",1,"NA","NA","NA"
"498","woopra.com",1,TRUE,"2","1",1,"AppInitiated","Other","Local.ch",1,"Tracker","Analytics","privacy"
"499","www3.doubleclick.net",1,TRUE,"2","1",1,"AppInitiated","Google","Local.ch",1,"NA","NA","NA"
"500","yahoo.com",1,TRUE,"1","1",1,"AppInitiated","Verizon Media","Firefox",1,"NA","Content","NA"
"501","yield-manager.browsiprod.com",1,TRUE,"2","1",1,"AppInitiated","Other","Firefox",1,"NA","NA","NA"
"502","yieldmo.com",1,TRUE,"1","1",1,"AppInitiated","YieldMo Inc.","Firefox",1,"Tracker","Advertising, FingerprintingGeneral","advertising"
"503","zc.adswizz.com",1,TRUE,"2","1",14,"AppInitiated","Other","20 Minuten",1,"NA","NA","NA"
